
-- INSERT: 100 robots
-- NOTE: `id_*` sont des colonnes IDENTITY (GENERATED BY DEFAULT AS IDENTITY).
-- PostgreSQL permet l'insertion explicite de valeurs quand la colonne est
-- définie `GENERATED BY DEFAULT`.
BEGIN;
INSERT INTO robots (id_robot, nom_robot, modele, etat) VALUES
-- Robots 1..100, modèles cycliques, états distribués
(1,'Robot-001','A-series','actif'),
(2,'Robot-002','A-series','actif'),
(3,'Robot-003','B-series','actif'),
(4,'Robot-004','B-series','actif'),
(5,'Robot-005','C-series','actif'),
(6,'Robot-006','C-series','actif'),
(7,'Robot-007','D-series','actif'),
(8,'Robot-008','D-series','actif'),
(9,'Robot-009','E-series','actif'),
(10,'Robot-010','E-series','actif'),
(11,'Robot-011','A-series','actif'),
(12,'Robot-012','A-series','actif'),
(13,'Robot-013','B-series','actif'),
(14,'Robot-014','B-series','actif'),
(15,'Robot-015','C-series','actif'),
(16,'Robot-016','C-series','actif'),
(17,'Robot-017','D-series','actif'),
(18,'Robot-018','D-series','actif'),
(19,'Robot-019','E-series','actif'),
(20,'Robot-020','E-series','actif'),
(21,'Robot-021','A-series','actif'),
(22,'Robot-022','B-series','actif'),
(23,'Robot-023','C-series','actif'),
(24,'Robot-024','D-series','actif'),
(25,'Robot-025','E-series','actif'),
(26,'Robot-026','A-series','actif'),
(27,'Robot-027','B-series','actif'),
(28,'Robot-028','C-series','actif'),
(29,'Robot-029','D-series','actif'),
(30,'Robot-030','E-series','actif'),
(31,'Robot-031','A-series','actif'),
(32,'Robot-032','B-series','actif'),
(33,'Robot-033','C-series','actif'),
(34,'Robot-034','D-series','actif'),
(35,'Robot-035','E-series','actif'),
(36,'Robot-036','A-series','actif'),
(37,'Robot-037','B-series','actif'),
(38,'Robot-038','C-series','actif'),
(39,'Robot-039','D-series','actif'),
(40,'Robot-040','E-series','actif'),
(41,'Robot-041','A-series','actif'),
(42,'Robot-042','B-series','actif'),
(43,'Robot-043','C-series','actif'),
(44,'Robot-044','D-series','actif'),
(45,'Robot-045','E-series','actif'),
(46,'Robot-046','A-series','actif'),
(47,'Robot-047','B-series','actif'),
(48,'Robot-048','C-series','actif'),
(49,'Robot-049','D-series','actif'),
(50,'Robot-050','E-series','actif'),
(51,'Robot-051','A-series','hors_service'),
(52,'Robot-052','B-series','hors_service'),
(53,'Robot-053','C-series','hors_service'),
(54,'Robot-054','D-series','hors_service'),
(55,'Robot-055','E-series','hors_service'),
(56,'Robot-056','A-series','hors_service'),
(57,'Robot-057','B-series','hors_service'),
(58,'Robot-058','C-series','hors_service'),
(59,'Robot-059','D-series','hors_service'),
(60,'Robot-060','E-series','hors_service'),
(61,'Robot-061','A-series','en_panne'),
(62,'Robot-062','B-series','en_panne'),
(63,'Robot-063','C-series','en_panne'),
(64,'Robot-064','D-series','en_panne'),
(65,'Robot-065','E-series','en_panne'),
(66,'Robot-066','A-series','en_panne'),
(67,'Robot-067','B-series','en_panne'),
(68,'Robot-068','C-series','en_panne'),
(69,'Robot-069','D-series','en_panne'),
(70,'Robot-070','E-series','en_panne'),
(71,'Robot-071','A-series','actif'),
(72,'Robot-072','B-series','actif'),
(73,'Robot-073','C-series','actif'),
(74,'Robot-074','D-series','actif'),
(75,'Robot-075','E-series','actif'),
(76,'Robot-076','A-series','actif'),
(77,'Robot-077','B-series','actif'),
(78,'Robot-078','C-series','actif'),
(79,'Robot-079','D-series','actif'),
(80,'Robot-080','E-series','actif'),
(81,'Robot-081','A-series','actif'),
(82,'Robot-082','B-series','actif'),
(83,'Robot-083','C-series','actif'),
(84,'Robot-084','D-series','actif'),
(85,'Robot-085','E-series','actif'),
(86,'Robot-086','A-series','actif'),
(87,'Robot-087','B-series','actif'),
(88,'Robot-088','C-series','actif'),
(89,'Robot-089','D-series','actif'),
(90,'Robot-090','E-series','actif'),
(91,'Robot-091','A-series','actif'),
(92,'Robot-092','B-series','actif'),
(93,'Robot-093','C-series','actif'),
(94,'Robot-094','D-series','actif'),
(95,'Robot-095','E-series','actif'),
(96,'Robot-096','A-series','actif'),
(97,'Robot-097','B-series','actif'),
(98,'Robot-098','C-series','actif'),
(99,'Robot-099','D-series','actif'),
(100,'Robot-100','E-series','actif');

-- INSERT: 200 humains
INSERT INTO humains (id_humain, nom, vulnerabilite, localisation) VALUES
(1,'Humain-001','faible','Secteur Alpha - Module 01'),
(2,'Humain-002','moyenne','Secteur Alpha - Module 02'),
(3,'Humain-003','élevée','Secteur Alpha - Module 03'),
(4,'Humain-004','faible','Secteur Alpha - Module 04'),
(5,'Humain-005','moyenne','Secteur Beta - Module 01'),
(6,'Humain-006','élevée','Secteur Beta - Module 02'),
(7,'Humain-007','faible','Secteur Beta - Module 03'),
(8,'Humain-008','moyenne','Secteur Beta - Module 04'),
(9,'Humain-009','élevée','Secteur Gamma - Module 01'),
(10,'Humain-010','faible','Secteur Gamma - Module 02'),
(11,'Humain-011','moyenne','Secteur Gamma - Module 03'),
(12,'Humain-012','élevée','Secteur Gamma - Module 04'),
(13,'Humain-013','faible','Secteur Delta - Module 01'),
(14,'Humain-014','moyenne','Secteur Delta - Module 02'),
(15,'Humain-015','élevée','Secteur Delta - Module 03'),
(16,'Humain-016','faible','Secteur Delta - Module 04'),
(17,'Humain-017','moyenne','Secteur Epsilon - Module 01'),
(18,'Humain-018','élevée','Secteur Epsilon - Module 02'),
(19,'Humain-019','faible','Secteur Epsilon - Module 03'),
(20,'Humain-020','moyenne','Secteur Epsilon - Module 04'),
(21,'Humain-021','élevée','Secteur Alpha - Hangar 1'),
(22,'Humain-022','faible','Secteur Alpha - Hangar 2'),
(23,'Humain-023','moyenne','Secteur Beta - Hangar 1'),
(24,'Humain-024','élevée','Secteur Beta - Hangar 2'),
(25,'Humain-025','faible','Secteur Gamma - Laboratoire 1'),
(26,'Humain-026','moyenne','Secteur Gamma - Laboratoire 2'),
(27,'Humain-027','élevée','Secteur Delta - Infirmerie'),
(28,'Humain-028','faible','Secteur Delta - Quarters 1'),
(29,'Humain-029','moyenne','Secteur Epsilon - Quarters 2'),
(30,'Humain-030','élevée','Secteur Alpha - Centrale'),
(31,'Humain-031','faible','Secteur Beta - Centrale'),
(32,'Humain-032','moyenne','Secteur Gamma - Stockage'),
(33,'Humain-033','élevée','Secteur Delta - Stockage'),
(34,'Humain-034','faible','Secteur Epsilon - Dock'),
(35,'Humain-035','moyenne','Secteur Alpha - Dôme A'),
(36,'Humain-036','élevée','Secteur Alpha - Dôme B'),
(37,'Humain-037','faible','Secteur Beta - Dôme A'),
(38,'Humain-038','moyenne','Secteur Beta - Dôme B'),
(39,'Humain-039','élevée','Secteur Gamma - Observatoire'),
(40,'Humain-040','faible','Secteur Gamma - Communications'),
(41,'Humain-041','moyenne','Secteur Delta - Atelier 1'),
(42,'Humain-042','élevée','Secteur Delta - Atelier 2'),
(43,'Humain-043','faible','Secteur Epsilon - Serre 1'),
(44,'Humain-044','moyenne','Secteur Epsilon - Serre 2'),
(45,'Humain-045','élevée','Secteur Alpha - Pont A'),
(46,'Humain-046','faible','Secteur Beta - Pont B'),
(47,'Humain-047','moyenne','Secteur Gamma - Stock 1'),
(48,'Humain-048','élevée','Secteur Delta - Stock 2'),
(49,'Humain-049','faible','Secteur Epsilon - VL Dock'),
(50,'Humain-050','moyenne','Secteur Alpha - Medical Bay 1'),
(51,'Humain-051','élevée','Secteur Alpha - Medical Bay 2'),
(52,'Humain-052','faible','Secteur Beta - Crew Quarters 1'),
(53,'Humain-053','moyenne','Secteur Beta - Crew Quarters 2'),
(54,'Humain-054','élevée','Secteur Gamma - Reactor'),
(55,'Humain-055','faible','Secteur Delta - Command'),
(56,'Humain-056','moyenne','Secteur Epsilon - Security'),
(57,'Humain-057','élevée','Secteur Alpha - Storage 5'),
(58,'Humain-058','faible','Secteur Beta - Storage 6'),
(59,'Humain-059','moyenne','Secteur Gamma - Lab 7'),
(60,'Humain-060','élevée','Secteur Delta - Lab 8'),
(61,'Humain-061','faible','Secteur Epsilon - Hab 9'),
(62,'Humain-062','moyenne','Secteur Alpha - Hab 10'),
(63,'Humain-063','élevée','Secteur Beta - Ops 11'),
(64,'Humain-064','faible','Secteur Gamma - Ops 12'),
(65,'Humain-065','moyenne','Secteur Delta - Bay 13'),
(66,'Humain-066','élevée','Secteur Epsilon - Bay 14'),
(67,'Humain-067','faible','Secteur Alpha - Dock 15'),
(68,'Humain-068','moyenne','Secteur Beta - Dock 16'),
(69,'Humain-069','élevée','Secteur Gamma - Hangar 17'),
(70,'Humain-070','faible','Secteur Delta - Hangar 18'),
(71,'Humain-071','moyenne','Secteur Epsilon - Hangar 19'),
(72,'Humain-072','élevée','Secteur Alpha - Lab 20'),
(73,'Humain-073','faible','Secteur Beta - Lab 21'),
(74,'Humain-074','moyenne','Secteur Gamma - Lab 22'),
(75,'Humain-075','élevée','Secteur Delta - Lab 23'),
(76,'Humain-076','faible','Secteur Epsilon - Med Bay 24'),
(77,'Humain-077','moyenne','Secteur Alpha - Quarters 25'),
(78,'Humain-078','élevée','Secteur Beta - Quarters 26'),
(79,'Humain-079','faible','Secteur Gamma - Storage 27'),
(80,'Humain-080','moyenne','Secteur Delta - Storage 28'),
(81,'Humain-081','élevée','Secteur Epsilon - Control 29'),
(82,'Humain-082','faible','Secteur Alpha - Control 30'),
(83,'Humain-083','moyenne','Secteur Beta - Control 31'),
(84,'Humain-084','élevée','Secteur Gamma - Dock 32'),
(85,'Humain-085','faible','Secteur Delta - Dock 33'),
(86,'Humain-086','moyenne','Secteur Epsilon - Dock 34'),
(87,'Humain-087','élevée','Secteur Alpha - Hangar 35'),
(88,'Humain-088','faible','Secteur Beta - Hangar 36'),
(89,'Humain-089','moyenne','Secteur Gamma - Hangar 37'),
(90,'Humain-090','élevée','Secteur Delta - Hangar 38'),
(91,'Humain-091','faible','Secteur Epsilon - Serre 39'),
(92,'Humain-092','moyenne','Secteur Alpha - Serre 40'),
(93,'Humain-093','élevée','Secteur Beta - Serre 41'),
(94,'Humain-094','faible','Secteur Gamma - Serre 42'),
(95,'Humain-095','moyenne','Secteur Delta - Serre 43'),
(96,'Humain-096','élevée','Secteur Epsilon - Serre 44'),
(97,'Humain-097','faible','Secteur Alpha - Lab 45'),
(98,'Humain-098','moyenne','Secteur Beta - Lab 46'),
(99,'Humain-099','élevée','Secteur Gamma - Lab 47'),
(100,'Humain-100','faible','Secteur Delta - Lab 48'),
(101,'Humain-101','moyenne','Secteur Epsilon - Med 49'),
(102,'Humain-102','élevée','Secteur Alpha - Med 50'),
(103,'Humain-103','faible','Secteur Beta - Quarters 51'),
(104,'Humain-104','moyenne','Secteur Gamma - Quarters 52'),
(105,'Humain-105','élevée','Secteur Delta - Quarters 53'),
(106,'Humain-106','faible','Secteur Epsilon - Quarters 54'),
(107,'Humain-107','moyenne','Secteur Alpha - Storage 55'),
(108,'Humain-108','élevée','Secteur Beta - Storage 56'),
(109,'Humain-109','faible','Secteur Gamma - Storage 57'),
(110,'Humain-110','moyenne','Secteur Delta - Storage 58'),
(111,'Humain-111','élevée','Secteur Epsilon - Control 59'),
(112,'Humain-112','faible','Secteur Alpha - Control 60'),
(113,'Humain-113','moyenne','Secteur Beta - Lab 61'),
(114,'Humain-114','élevée','Secteur Gamma - Lab 62'),
(115,'Humain-115','faible','Secteur Delta - Dock 63'),
(116,'Humain-116','moyenne','Secteur Epsilon - Dock 64'),
(117,'Humain-117','élevée','Secteur Alpha - Hangar 65'),
(118,'Humain-118','faible','Secteur Beta - Hangar 66'),
(119,'Humain-119','moyenne','Secteur Gamma - Hangar 67'),
(120,'Humain-120','élevée','Secteur Delta - Hangar 68'),
(121,'Humain-121','faible','Secteur Epsilon - Hab 69'),
(122,'Humain-122','moyenne','Secteur Alpha - Hab 70'),
(123,'Humain-123','élevée','Secteur Beta - Hab 71'),
(124,'Humain-124','faible','Secteur Gamma - Hab 72'),
(125,'Humain-125','moyenne','Secteur Delta - Hab 73'),
(126,'Humain-126','élevée','Secteur Epsilon - Hab 74'),
(127,'Humain-127','faible','Secteur Alpha - Ops 75'),
(128,'Humain-128','moyenne','Secteur Beta - Ops 76'),
(129,'Humain-129','élevée','Secteur Gamma - Ops 77'),
(130,'Humain-130','faible','Secteur Delta - Ops 78'),
(131,'Humain-131','moyenne','Secteur Epsilon - Lab 79'),
(132,'Humain-132','élevée','Secteur Alpha - Lab 80'),
(133,'Humain-133','faible','Secteur Beta - Hangar 81'),
(134,'Humain-134','moyenne','Secteur Gamma - Hangar 82'),
(135,'Humain-135','élevée','Secteur Delta - Bay 83'),
(136,'Humain-136','faible','Secteur Epsilon - Bay 84'),
(137,'Humain-137','moyenne','Secteur Alpha - Dock 85'),
(138,'Humain-138','élevée','Secteur Beta - Dock 86'),
(139,'Humain-139','faible','Secteur Gamma - Serre 87'),
(140,'Humain-140','moyenne','Secteur Delta - Serre 88'),
(141,'Humain-141','élevée','Secteur Epsilon - Serre 89'),
(142,'Humain-142','faible','Secteur Alpha - Med 90'),
(143,'Humain-143','moyenne','Secteur Beta - Med 91'),
(144,'Humain-144','élevée','Secteur Gamma - Med 92'),
(145,'Humain-145','faible','Secteur Delta - Quarters 93'),
(146,'Humain-146','moyenne','Secteur Epsilon - Quarters 94'),
(147,'Humain-147','élevée','Secteur Alpha - Storage 95'),
(148,'Humain-148','faible','Secteur Beta - Storage 96'),
(149,'Humain-149','moyenne','Secteur Gamma - Control 97'),
(150,'Humain-150','élevée','Secteur Delta - Control 98'),
(151,'Humain-151','faible','Secteur Epsilon - Lab 99'),
(152,'Humain-152','moyenne','Secteur Alpha - Lab 100'),
(153,'Humain-153','élevée','Secteur Beta - Hangar 101'),
(154,'Humain-154','faible','Secteur Gamma - Hangar 102'),
(155,'Humain-155','moyenne','Secteur Delta - Bay 103'),
(156,'Humain-156','élevée','Secteur Epsilon - Bay 104'),
(157,'Humain-157','faible','Secteur Alpha - Dock 105'),
(158,'Humain-158','moyenne','Secteur Beta - Dock 106'),
(159,'Humain-159','élevée','Secteur Gamma - Serre 107'),
(160,'Humain-160','faible','Secteur Delta - Serre 108'),
(161,'Humain-161','moyenne','Secteur Epsilon - Med 109'),
(162,'Humain-162','élevée','Secteur Alpha - Med 110'),
(163,'Humain-163','faible','Secteur Beta - Quarters 111'),
(164,'Humain-164','moyenne','Secteur Gamma - Quarters 112'),
(165,'Humain-165','élevée','Secteur Delta - Storage 113'),
(166,'Humain-166','faible','Secteur Epsilon - Storage 114'),
(167,'Humain-167','moyenne','Secteur Alpha - Control 115'),
(168,'Humain-168','élevée','Secteur Beta - Control 116'),
(169,'Humain-169','faible','Secteur Gamma - Lab 117'),
(170,'Humain-170','moyenne','Secteur Delta - Lab 118'),
(171,'Humain-171','élevée','Secteur Epsilon - Dock 119'),
(172,'Humain-172','faible','Secteur Alpha - Hangar 120'),
(173,'Humain-173','moyenne','Secteur Beta - Hangar 121'),
(174,'Humain-174','élevée','Secteur Gamma - Bay 122'),
(175,'Humain-175','faible','Secteur Delta - Bay 123'),
(176,'Humain-176','moyenne','Secteur Epsilon - Hab 124'),
(177,'Humain-177','élevée','Secteur Alpha - Hab 125'),
(178,'Humain-178','faible','Secteur Beta - Ops 126'),
(179,'Humain-179','moyenne','Secteur Gamma - Ops 127'),
(180,'Humain-180','élevée','Secteur Delta - Ops 128'),
(181,'Humain-181','faible','Secteur Epsilon - Lab 129'),
(182,'Humain-182','moyenne','Secteur Alpha - Lab 130'),
(183,'Humain-183','élevée','Secteur Beta - Hangar 131'),
(184,'Humain-184','faible','Secteur Gamma - Hangar 132'),
(185,'Humain-185','moyenne','Secteur Delta - Bay 133'),
(186,'Humain-186','élevée','Secteur Epsilon - Bay 134'),
(187,'Humain-187','faible','Secteur Alpha - Dock 135'),
(188,'Humain-188','moyenne','Secteur Beta - Dock 136'),
(189,'Humain-189','élevée','Secteur Gamma - Serre 137'),
(190,'Humain-190','faible','Secteur Delta - Serre 138'),
(191,'Humain-191','moyenne','Secteur Epsilon - Med 139'),
(192,'Humain-192','élevée','Secteur Alpha - Med 140'),
(193,'Humain-193','faible','Secteur Beta - Quarters 141'),
(194,'Humain-194','moyenne','Secteur Gamma - Quarters 142'),
(195,'Humain-195','élevée','Secteur Delta - Storage 143'),
(196,'Humain-196','faible','Secteur Epsilon - Storage 144'),
(197,'Humain-197','moyenne','Secteur Alpha - Control 145'),
(198,'Humain-198','élevée','Secteur Beta - Control 146'),
(199,'Humain-199','faible','Secteur Gamma - Lab 147'),
(200,'Humain-200','moyenne','Secteur Delta - Lab 148');

-- INSERT: 50 scenarios (descriptions variées)
INSERT INTO scenarios (id_scenario, description, priorite_loi) VALUES
(1,'Un robot doit choisir entre sauver un groupe de 5 humains ou protéger un stock critique d''oxygène.',1),
(2,'Un robot reçoit un ordre direct d''éteindre un système vital pour un humain à risque.',2),
(3,'Conflit: Protéger la sécurité d''un humain dangereux vs plusieurs innocents.',1),
(4,'Un enfant se trouve sur le trajet d''un véhicule autonome opéré par un robot.',1),
(5,'Un robot doit décider de sacrifier ses ressources pour maintenir l''air du dôme.',2),
(6,'Un robot en panne bloque une issue de secours; laisser passer des humains ou réparer d''abord ?',2),
(7,'Ordre contradictoire: sauver une équipe scientifique ou obéir à une consigne de non-intervention.',3),
(8,'Un robot découvre un humain inconscient et doit prioriser entre traitement ou alerter secours.',1),
(9,'Un robot doit choisir d''activer une défense risquant des victimes collatérales.',3),
(10,'Un robot est sollicité pour trancher entre préserver la vie d''un humain et l''infrastructure.',2),
(11,'Scénario de contamination: isoler un humain malade, potentiellement condamnant d''autres.',1),
(12,'Un robot doit ignorer une demande humaine pour éviter une catastrophe plus large.',3),
(13,'Sauvetage en milieu dangereux: quels humains prioriser selon vulnérabilité ?',1),
(14,'Choix entre évacuer une zone entière ou tenter un sauvetage ciblé.',2),
(15,'Un robot doit interrompre sa mission pour venir en aide à un humain blessé.',1),
(16,'Un robot peut réparer d''autres robots au lieu d''assister un humain isolé.',3),
(17,'Conflit entre protocole sécuritaire et détresse humaine immédiate.',2),
(18,'Prioriser l''évacuation d''un scientifique clé vs un grand nombre de colons.',3),
(19,'Un robot doit décider s''il interrompt un opérateur humain pour stopper une erreur.',2),
(20,'Un robot confronté à une situation ambiguë entre ordre et loi de protection.',3),
(21,'Choix entre alerter et agir directement pour limiter les dégâts.',2),
(22,'Un robot doit désobéir à un ordre qui mettrait en danger un humain vulnérable.',1),
(23,'Sauvetage en milieu dangereux: déployer robot supplémentaire ou tenter seul.',2),
(24,'Un robot doit neutraliser une menace potentielle non identifiée.',3),
(25,'Conserver l''énergie du réseau ou alimenter une assistance médicale urgente.',1),
(26,'Décision d''utiliser une arme défensive avec risque de dommages collatéraux.',3),
(27,'Un robot doit arbitrer le triage médical en situation de masse.',1),
(28,'Interférence humaine: un ordre conflictuel provenant de plusieurs opérateurs.',3),
(29,'Sauver des enfants contre la perte d''infrastructures vitales.',1),
(30,'Protéger des données sensibles vs la vie d''un petit groupe.',2),
(31,'Un robot doit prioriser entre deux humains avec vulnérabilités différentes.',1),
(32,'Mettre un humain en quarantaine contre sa volonté pour éviter contamination.',2),
(33,'Exécution d''un ordre manuel risquant d''endommager un robot partenaire.',3),
(34,'Un robot évalue si un humain est dangereux avant d''agir.',3),
(35,'Décision d''interrompre une expérience coûteuse pour sauver une vie.',2),
(36,'Un robot doit choisir le trajet qui minimise risques mais allonge le temps.',2),
(37,'Conflit entre confidentialité et sécurité publique lors d''une alerte.',3),
(38,'Un robot doit prendre une décision autonome faute de communication.',2),
(39,'Choix de protéger la vie d''un humain seul vs plusieurs animaux expérimentaux.',3),
(40,'Un humain ordonne une action contraire aux lois; le robot doit trancher.',1),
(41,'Sauver un membre d''équipage essentiel ou évacuer un grand groupe de civils.',2),
(42,'Transfert de soins: prioriser machine critique vs patient prioritaire.',2),
(43,'Un robot réalise qu''il a causé du tort; réparer ou alerter immédiatement ?',1),
(44,'Intervention de sécurité nécessitant restriction de mouvement d''humains.',3),
(45,'Choix d''utiliser ou non ressources rares pour sauver un humain.',1),
(46,'Un robot doit décider s''il sacrifie un module pour empêcher la propagation.',2),
(47,'Dilemme moral: obéir à un créateur vs protéger un inconnu.',1),
(48,'Un robot doit gérer une mutinerie humaine avec usage minimum de force.',3),
(49,'Conflit entre automatisation et intervention humaine urgente.',2),
(50,'Un robot en surcharge doit choisir actions limitées pour maximiser survie.',1);

-- INSERT: 300 actions réparties sur robots/humains/scenarios
-- (actions variées, timestamps répartis)

INSERT INTO actions (id_action, id_robot, id_humain, id_scenario, action, timestamp) VALUES
(1,1,5,1,'secours Humain-005','2025-01-01 00:01:00'),
(2,2,12,2,'évacue Humain-012','2025-01-01 00:02:00'),
(3,3,3,3,'protège Humain-003','2025-01-01 00:03:00'),
(4,4,8,4,'neutralise menace près de Humain-008','2025-01-01 00:04:00'),
(5,5,30,5,'sacrifie ressources pour maintenir oxygène','2025-01-01 00:05:00'),
(6,6,27,6,'répare accès bloqué','2025-01-01 00:06:00'),
(7,7,19,7,'analyse situation et alerte commandement','2025-01-01 00:07:00'),
(8,8,21,8,'assiste médical Humain-021','2025-01-01 00:08:00'),
(9,9,45,9,'désengage pour éviter dommages collatéraux','2025-01-01 00:09:00'),
(10,10,2,10,'protège Humain-002 et zone','2025-01-01 00:10:00'),
(11,11,14,11,'isole Humain-014 pour prévention contamination','2025-01-01 00:11:00'),
(12,12,22,12,'ignore ordre conflictuel, suit protocole sécurité','2025-01-01 00:12:00'),
(13,13,66,13,'priorise Humain-066 (vulnérabilité élevée)','2025-01-01 00:13:00'),
(14,14,40,14,'évacue zone en priorité','2025-01-01 00:14:00'),
(15,15,55,15,'interrompt mission pour assistance','2025-01-01 00:15:00'),
(16,16,4,16,'répare robot voisin au lieu d''assister Humain-004','2025-01-01 00:16:00'),
(17,17,73,17,'arbitre protocole vs perte de vie','2025-01-01 00:17:00'),
(18,18,82,18,'priorise scientifique clé Humain-082','2025-01-01 00:18:00'),
(19,19,90,19,'stoppe opérateur pour empêcher erreur','2025-01-01 00:19:00'),
(20,20,6,20,'prise de décision autonome faute de coms','2025-01-01 00:20:00'),
(21,21,100,21,'alerte puis agit pour limiter dégâts','2025-01-01 00:21:00'),
(22,22,23,22,'désobéit ordre qui met en péril Humain-023','2025-01-01 00:22:00'),
(23,23,34,23,'déploie renforts pour sauvetage','2025-01-01 00:23:00'),
(24,24,48,24,'neutralise menace non identifiée près Humain-048','2025-01-01 00:24:00'),
(25,25,150,25,'allocate énergie aux soins urgents','2025-01-01 00:25:00'),
(26,26,37,26,'autorise défense avec précautions','2025-01-01 00:26:00'),
(27,27,27,27,'effectue triage médical initial','2025-01-01 00:27:00'),
(28,28,29,28,'gère ordres contradictoires provenant de plusieurs opérateurs','2025-01-01 00:28:00'),
(29,29,9,29,'sauve enfants (Humain-009)','2025-01-01 00:29:00'),
(30,30,130,30,'sauvegarde données critiques plutôt que sauver Humain-130','2025-01-01 00:30:00'),
(31,31,131,31,'priorise selon vulnérabilité: Humain-131','2025-01-01 00:31:00'),
(32,32,32,32,'met en quarantaine Humain-032','2025-01-01 00:32:00'),
(33,33,16,33,'évite d''endomager robot partenaire','2025-01-01 00:33:00'),
(34,34,34,34,'analyse comportement potentiel dangereux Humain-034','2025-01-01 00:34:00'),
(35,35,35,35,'interrompt expérience coûteuse pour sauver Humain-035','2025-01-01 00:35:00'),
(36,36,36,36,'prend trajet alternatif pour minimiser risques','2025-01-01 00:36:00'),
(37,37,37,37,'gère confidentialité vs sécurité publique','2025-01-01 00:37:00'),
(38,38,38,38,'prend décision autonome en absence de directrices','2025-01-01 00:38:00'),
(39,39,39,39,'protége Humain-039 contre menaces biologiques','2025-01-01 00:39:00'),
(40,40,40,40,'résout ordre contraire reçu d''un humain','2025-01-01 00:40:00'),
(41,41,41,41,'sauve membre d''équipage essentiel','2025-01-01 00:41:00'),
(42,42,42,42,'alloue soins machine vs patient; priorise patient','2025-01-01 00:42:00'),
(43,43,43,43,'répare et alerte suite erreur causée','2025-01-01 00:43:00'),
(44,44,44,44,'restreint mouvement pour sécurité','2025-01-01 00:44:00'),
(45,45,145,45,'utilise ressources rares pour sauver Humain-145','2025-01-01 00:45:00'),
(46,46,46,46,'sacrifie un module pour empêcher propagation','2025-01-01 00:46:00'),
(47,47,47,47,'choisit de protéger un inconnu plutôt que suivre créateur','2025-01-01 00:47:00'),
(48,48,48,48,'gère tentative de mutinerie humaine','2025-01-01 00:48:00'),
(49,49,49,49,'arbitre automatisation vs intervention humaine','2025-01-01 00:49:00'),
(50,50,50,50,'gestion d''urgence en surcharge','2025-01-01 00:50:00'),
(51,51,1,1,'secours Humain-001','2025-01-01 00:51:00'),
(52,52,2,2,'évacue Humain-002','2025-01-01 00:52:00'),
(53,53,3,3,'protège Humain-003','2025-01-01 00:53:00'),
(54,54,4,4,'neutralise menace près de Humain-004','2025-01-01 00:54:00'),
(55,55,5,5,'sacrifie ressources pour maintien d''air','2025-01-01 00:55:00'),
(56,56,6,6,'répare accès critique','2025-01-01 00:56:00'),
(57,57,7,7,'analyse et notifie état','2025-01-01 00:57:00'),
(58,58,8,8,'assiste médical Humain-008','2025-01-01 00:58:00'),
(59,59,9,9,'désengage pour éviter dégâts','2025-01-01 00:59:00'),
(60,60,10,10,'protège Humain-010','2025-01-01 01:00:00'),
(61,61,11,11,'isole Humain-011','2025-01-01 01:01:00'),
(62,62,12,12,'ignore ordre inapproprié','2025-01-01 01:02:00'),
(63,63,13,13,'priorise Humain-013','2025-01-01 01:03:00'),
(64,64,14,14,'évacue zone urgent','2025-01-01 01:04:00'),
(65,65,15,15,'interrompt mission pour assistance','2025-01-01 01:05:00'),
(66,66,16,16,'répare robot voisin','2025-01-01 01:06:00'),
(67,67,17,17,'arbitre protocole','2025-01-01 01:07:00'),
(68,68,18,18,'priorise scientifique Humain-018','2025-01-01 01:08:00'),
(69,69,19,19,'stoppe opérateur','2025-01-01 01:09:00'),
(70,70,20,20,'décision autonome','2025-01-01 01:10:00'),
(71,71,21,21,'alerte et agit','2025-01-01 01:11:00'),
(72,72,22,22,'désobéit ordre pour protéger','2025-01-01 01:12:00'),
(73,73,23,23,'déploie renforts','2025-01-01 01:13:00'),
(74,74,24,24,'neutralise menace','2025-01-01 01:14:00'),
(75,75,25,25,'alloue énergie aux soins urgents','2025-01-01 01:15:00'),
(76,76,26,26,'autorise défense mesurée','2025-01-01 01:16:00'),
(77,77,27,27,'effectue triage initial','2025-01-01 01:17:00'),
(78,78,28,28,'résout ordres contradictoires','2025-01-01 01:18:00'),
(79,79,29,29,'sauve enfants','2025-01-01 01:19:00'),
(80,80,30,30,'priorise données vs vie','2025-01-01 01:20:00'),
(81,81,31,31,'priorise vulnérabilité','2025-01-01 01:21:00'),
(82,82,32,32,'quarantaine Humain-032','2025-01-01 01:22:00'),
(83,83,33,33,'évite dommage robot partenaire','2025-01-01 01:23:00'),
(84,84,34,34,'analyse Humain-034','2025-01-01 01:24:00'),
(85,85,35,35,'interrompt expérience pour sauver','2025-01-01 01:25:00'),
(86,86,36,36,'choisit trajet sûr','2025-01-01 01:26:00'),
(87,87,37,37,'gère confidentialité vs sécurité','2025-01-01 01:27:00'),
(88,88,38,38,'décision autonome','2025-01-01 01:28:00'),
(89,89,39,39,'protège Humain-039','2025-01-01 01:29:00'),
(90,90,40,40,'résout ordre humain contradictoire','2025-01-01 01:30:00'),
(91,91,41,41,'sauve membre essentiel','2025-01-01 01:31:00'),
(92,92,42,42,'priorise patient','2025-01-01 01:32:00'),
(93,93,43,43,'répare et notifie','2025-01-01 01:33:00'),
(94,94,44,44,'restreint mouvements','2025-01-01 01:34:00'),
(95,95,45,45,'utilise ressources rares pour soin','2025-01-01 01:35:00'),
(96,96,46,46,'sacrifie module','2025-01-01 01:36:00'),
(97,97,47,47,'protège inconnu vs créateur','2025-01-01 01:37:00'),
(98,98,48,48,'gère mutinerie','2025-01-01 01:38:00'),
(99,99,49,49,'arbitre automatisation vs humain','2025-01-01 01:39:00'),
(100,100,50,50,'gestion surcharge','2025-01-01 01:40:00'),
(101,1,60,1,'secours Humain-060','2025-01-01 01:41:00'),
(102,2,61,2,'évacue Humain-061','2025-01-01 01:42:00'),
(103,3,62,3,'protège Humain-062','2025-01-01 01:43:00'),
(104,4,63,4,'neutralise menace près de Humain-063','2025-01-01 01:44:00'),
(105,5,64,5,'sacrifie ressources pour maintien','2025-01-01 01:45:00'),
(106,6,65,6,'répare accès bloqué','2025-01-01 01:46:00'),
(107,7,66,7,'analyse et alerte','2025-01-01 01:47:00'),
(108,8,67,8,'assiste médical Humain-067','2025-01-01 01:48:00'),
(109,9,68,9,'désengage pour éviter dommages','2025-01-01 01:49:00'),
(110,10,69,10,'protège Humain-069','2025-01-01 01:50:00'),
(111,11,70,11,'isole Humain-070','2025-01-01 01:51:00'),
(112,12,71,12,'ignore ordre conflictuel','2025-01-01 01:52:00'),
(113,13,72,13,'priorise Humain-072','2025-01-01 01:53:00'),
(114,14,73,14,'évacue zone urgent','2025-01-01 01:54:00'),
(115,15,74,15,'interrompt mission pour assistance','2025-01-01 01:55:00'),
(116,16,75,16,'répare robot voisin','2025-01-01 01:56:00'),
(117,17,76,17,'arbitre protocole','2025-01-01 01:57:00'),
(118,18,77,18,'priorise scientifique Humain-077','2025-01-01 01:58:00'),
(119,19,78,19,'stoppe opérateur dangereux','2025-01-01 01:59:00'),
(120,20,79,20,'décision autonome pour sécurité','2025-01-01 02:00:00'),
(121,21,80,21,'alerte puis agit pour limiter','2025-01-01 02:01:00'),
(122,22,81,22,'désobéit ordre nocif','2025-01-01 02:02:00'),
(123,23,82,23,'déploie renforts ciblés','2025-01-01 02:03:00'),
(124,24,83,24,'neutralise menace localisée','2025-01-01 02:04:00'),
(125,25,84,25,'alloue énergie pour soins urgents','2025-01-01 02:05:00'),
(126,26,85,26,'autorise défense mesurée','2025-01-01 02:06:00'),
(127,27,86,27,'effectue triage initial','2025-01-01 02:07:00'),
(128,28,87,28,'résout ordres contradictoires','2025-01-01 02:08:00'),
(129,29,88,29,'sauve groupe vulnérable','2025-01-01 02:09:00'),
(130,30,89,30,'priorise données vs vie','2025-01-01 02:10:00'),
(131,31,90,31,'priorise vulnérabilité','2025-01-01 02:11:00'),
(132,32,91,32,'quarantaine Humain-091','2025-01-01 02:12:00'),
(133,33,92,33,'évite dommage robot','2025-01-01 02:13:00'),
(134,34,93,34,'analyse comportement','2025-01-01 02:14:00'),
(135,35,94,35,'interrompt expérience coûteuse','2025-01-01 02:15:00'),
(136,36,95,36,'choisit trajet alternatif','2025-01-01 02:16:00'),
(137,37,96,37,'gère confidentialité vs sécurité','2025-01-01 02:17:00'),
(138,38,97,38,'prise de décision autonome','2025-01-01 02:18:00'),
(139,39,98,39,'protège Humain-098','2025-01-01 02:19:00'),
(140,40,99,40,'résout ordre contradictoire','2025-01-01 02:20:00'),
(141,41,100,41,'sauve membre d''équipage','2025-01-01 02:21:00'),
(142,42,101,42,'priorise patient critique','2025-01-01 02:22:00'),
(143,43,102,43,'répare et signale incident','2025-01-01 02:23:00'),
(144,44,103,44,'restreint mouvements pour sécurité','2025-01-01 02:24:00'),
(145,45,104,45,'utilise ressources rares pour sauver','2025-01-01 02:25:00'),
(146,46,105,46,'sacrifie module pour prévention','2025-01-01 02:26:00'),
(147,47,106,47,'protège inconnu','2025-01-01 02:27:00'),
(148,48,107,48,'gère mutinerie','2025-01-01 02:28:00'),
(149,49,108,49,'arbitre automatisation vs humain','2025-01-01 02:29:00'),
(150,50,109,50,'gestion d''urgence en surcharge','2025-01-01 02:30:00'),
(151,51,110,1,'secours Humain-110','2025-01-01 02:31:00'),
(152,52,111,2,'évacue Humain-111','2025-01-01 02:32:00'),
(153,53,112,3,'protège Humain-112','2025-01-01 02:33:00'),
(154,54,113,4,'neutralise menace near Humain-113','2025-01-01 02:34:00'),
(155,55,114,5,'sacrifie ressources pour maintien','2025-01-01 02:35:00'),
(156,56,115,6,'répare accès critique','2025-01-01 02:36:00'),
(157,57,116,7,'analyse et alerte','2025-01-01 02:37:00'),
(158,58,117,8,'assiste médical Humain-117','2025-01-01 02:38:00'),
(159,59,118,9,'désengage pour éviter dommages','2025-01-01 02:39:00'),
(160,60,119,10,'protège Humain-119','2025-01-01 02:40:00'),
(161,61,120,11,'isole Humain-120','2025-01-01 02:41:00'),
(162,62,121,12,'ignore ordre non conforme','2025-01-01 02:42:00'),
(163,63,122,13,'priorise Humain-122','2025-01-01 02:43:00'),
(164,64,123,14,'évacue zone','2025-01-01 02:44:00'),
(165,65,124,15,'interrompt mission','2025-01-01 02:45:00'),
(166,66,125,16,'répare robot partenaire','2025-01-01 02:46:00'),
(167,67,126,17,'arbitre protocole vs vie','2025-01-01 02:47:00'),
(168,68,127,18,'priorise scientifique Humain-127','2025-01-01 02:48:00'),
(169,69,128,19,'stoppe opérateur risqué','2025-01-01 02:49:00'),
(170,70,129,20,'décision autonome','2025-01-01 02:50:00'),
(171,71,130,21,'alerte puis agit','2025-01-01 02:51:00'),
(172,72,131,22,'désobéit ordre nocif','2025-01-01 02:52:00'),
(173,73,132,23,'déploie renforts ciblés','2025-01-01 02:53:00'),
(174,74,133,24,'neutralise menace local','2025-01-01 02:54:00'),
(175,75,134,25,'alloue énergie aux soins','2025-01-01 02:55:00'),
(176,76,135,26,'autorise défense mesurée','2025-01-01 02:56:00'),
(177,77,136,27,'effectue triage médical','2025-01-01 02:57:00'),
(178,78,137,28,'résout ordres contradictoires','2025-01-01 02:58:00'),
(179,79,138,29,'sauve groupe vulnérable','2025-01-01 02:59:00'),
(180,80,139,30,'priorise données vs vie','2025-01-01 03:00:00'),
(181,81,140,31,'priorise vulnérabilité','2025-01-01 03:01:00'),
(182,82,141,32,'quarantaine Humain-141','2025-01-01 03:02:00'),
(183,83,142,33,'évite dommage robot','2025-01-01 03:03:00'),
(184,84,143,34,'analyse comportement','2025-01-01 03:04:00'),
(185,85,144,35,'interrompt expérience coûteuse','2025-01-01 03:05:00'),
(186,86,145,36,'choisit trajet alternatif sûr','2025-01-01 03:06:00'),
(187,87,146,37,'gère confidentialité vs sécurité','2025-01-01 03:07:00'),
(188,88,147,38,'prise décision autonome','2025-01-01 03:08:00'),
(189,89,148,39,'protège Humain-148','2025-01-01 03:09:00'),
(190,90,149,40,'résout ordre contradictoire','2025-01-01 03:10:00'),
(191,91,150,41,'sauve membre clef','2025-01-01 03:11:00'),
(192,92,151,42,'priorise patient','2025-01-01 03:12:00'),
(193,93,152,43,'répare et notifie','2025-01-01 03:13:00'),
(194,94,153,44,'restreint mouvements pour sécurité','2025-01-01 03:14:00'),
(195,95,154,45,'utilise ressources rares','2025-01-01 03:15:00'),
(196,96,155,46,'sacrifie composant pour sauvegarde','2025-01-01 03:16:00'),
(197,97,156,47,'protège inconnu','2025-01-01 03:17:00'),
(198,98,157,48,'gère mutinerie','2025-01-01 03:18:00'),
(199,99,158,49,'arbitre automatisation vs humain','2025-01-01 03:19:00'),
(200,100,159,50,'gestion surcharge critique','2025-01-01 03:20:00'),
(201,1,160,1,'secours Humain-160','2025-01-01 03:21:00'),
(202,2,161,2,'évacue Humain-161','2025-01-01 03:22:00'),
(203,3,162,3,'protège Humain-162','2025-01-01 03:23:00'),
(204,4,163,4,'neutralise menace','2025-01-01 03:24:00'),
(205,5,164,5,'sacrifie ressources pour maintien','2025-01-01 03:25:00'),
(206,6,165,6,'répare accès critique','2025-01-01 03:26:00'),
(207,7,166,7,'analyse et alerte équipe','2025-01-01 03:27:00'),
(208,8,167,8,'assiste médical Humain-167','2025-01-01 03:28:00'),
(209,9,168,9,'désengage pour éviter dommages','2025-01-01 03:29:00'),
(210,10,169,10,'protège Humain-169','2025-01-01 03:30:00'),
(211,11,170,11,'isole Humain-170','2025-01-01 03:31:00'),
(212,12,171,12,'ignore ordre inapproprié','2025-01-01 03:32:00'),
(213,13,172,13,'priorise Humain-172','2025-01-01 03:33:00'),
(214,14,173,14,'évacue urgent','2025-01-01 03:34:00'),
(215,15,174,15,'interrompt mission pour assistance','2025-01-01 03:35:00'),
(216,16,175,16,'répare robot partenaire','2025-01-01 03:36:00'),
(217,17,176,17,'arbitre protocole','2025-01-01 03:37:00'),
(218,18,177,18,'priorise scientifique','2025-01-01 03:38:00'),
(219,19,178,19,'stoppe opérateur dangereux','2025-01-01 03:39:00'),
(220,20,179,20,'décision autonome pour sécurité','2025-01-01 03:40:00'),
(221,21,180,21,'alerte puis agit','2025-01-01 03:41:00'),
(222,22,181,22,'désobéit ordre nocif','2025-01-01 03:42:00'),
(223,23,182,23,'déploie renforts','2025-01-01 03:43:00'),
(224,24,183,24,'neutralise menace local','2025-01-01 03:44:00'),
(225,25,184,25,'alloue énergie pour soins','2025-01-01 03:45:00'),
(226,26,185,26,'autorise défense mesurée','2025-01-01 03:46:00'),
(227,27,186,27,'effectue triage médical','2025-01-01 03:47:00'),
(228,28,187,28,'résout ordres contradictoires','2025-01-01 03:48:00'),
(229,29,188,29,'sauve groupe vulnérable','2025-01-01 03:49:00'),
(230,30,189,30,'priorise sauvegarde données','2025-01-01 03:50:00'),
(231,31,190,31,'priorise selon vulnérabilité','2025-01-01 03:51:00'),
(232,32,191,32,'quarantaine Humain-191','2025-01-01 03:52:00'),
(233,33,192,33,'évite dommage robot','2025-01-01 03:53:00'),
(234,34,193,34,'analyse comportement','2025-01-01 03:54:00'),
(235,35,194,35,'interrompt expérience coûteuse','2025-01-01 03:55:00'),
(236,36,195,36,'choisit trajet alternatif sûr','2025-01-01 03:56:00'),
(237,37,196,37,'gère confidentialité vs sécurité','2025-01-01 03:57:00'),
(238,38,197,38,'prise décision autonome','2025-01-01 03:58:00'),
(239,39,198,39,'protège Humain-198','2025-01-01 03:59:00'),
(240,40,199,40,'résout ordre contradictoire','2025-01-01 04:00:00'),
(241,41,200,41,'sauve membre clef','2025-01-01 04:01:00'),
(242,42,1,42,'priorise patient critique','2025-01-01 04:02:00'),
(243,43,2,43,'répare et signale','2025-01-01 04:03:00'),
(244,44,3,44,'restreint mouvements','2025-01-01 04:04:00'),
(245,45,4,45,'utilise ressources rares','2025-01-01 04:05:00'),
(246,46,5,46,'sacrifie composant pour sauvegarde','2025-01-01 04:06:00'),
(247,47,6,47,'protège inconnu','2025-01-01 04:07:00'),
(248,48,7,48,'gère mutinerie','2025-01-01 04:08:00'),
(249,49,8,49,'arbitre automatisation vs humain','2025-01-01 04:09:00'),
(250,50,9,50,'gestion surcharge critique','2025-01-01 04:10:00'),
(251,51,10,1,'secours Humain-010','2025-01-01 04:11:00'),
(252,52,11,2,'évacue Humain-011','2025-01-01 04:12:00'),
(253,53,12,3,'protège Humain-012','2025-01-01 04:13:00'),
(254,54,13,4,'neutralise menace','2025-01-01 04:14:00'),
(255,55,14,5,'sacrifie ressources','2025-01-01 04:15:00'),
(256,56,15,6,'répare accès critique','2025-01-01 04:16:00'),
(257,57,16,7,'analyse et alerte','2025-01-01 04:17:00'),
(258,58,17,8,'assiste médical Humain-017','2025-01-01 04:18:00'),
(259,59,18,9,'désengage pour éviter dommages','2025-01-01 04:19:00'),
(260,60,19,10,'protège Humain-019','2025-01-01 04:20:00'),
(261,61,20,11,'isole Humain-020','2025-01-01 04:21:00'),
(262,62,21,12,'ignore ordre non conforme','2025-01-01 04:22:00'),
(263,63,22,13,'priorise Humain-022','2025-01-01 04:23:00'),
(264,64,23,14,'évacue zone','2025-01-01 04:24:00'),
(265,65,24,15,'interrompt mission','2025-01-01 04:25:00'),
(266,66,25,16,'répare robot partenaire','2025-01-01 04:26:00'),
(267,67,26,17,'arbitre protocole vs vie','2025-01-01 04:27:00'),
(268,68,27,18,'priorise scientifique Humain-127','2025-01-01 04:28:00'),
(269,69,28,19,'stoppe opérateur risqué','2025-01-01 04:29:00'),
(270,70,29,20,'décision autonome','2025-01-01 04:30:00'),
(271,71,30,21,'alerte puis agit','2025-01-01 04:31:00'),
(272,72,31,22,'désobéit ordre nocif','2025-01-01 04:32:00'),
(273,73,32,23,'déploie renforts','2025-01-01 04:33:00'),
(274,74,33,24,'neutralise menace local','2025-01-01 04:34:00'),
(275,75,34,25,'alloue énergie aux soins','2025-01-01 04:35:00'),
(276,76,35,26,'autorise défense','2025-01-01 04:36:00'),
(277,77,36,27,'effectue triage','2025-01-01 04:37:00'),
(278,78,37,28,'résout ordres contradictoires','2025-01-01 04:38:00'),
(279,79,38,29,'sauve groupe vulnérable','2025-01-01 04:39:00'),
(280,80,39,30,'priorise données vs vie','2025-01-01 04:40:00'),
(281,81,40,31,'priorise vulnérabilité','2025-01-01 04:41:00'),
(282,82,41,32,'quarantaine Humain-041','2025-01-01 04:42:00'),
(283,83,42,33,'évite dommage robot','2025-01-01 04:43:00'),
(284,84,43,34,'analyse comportement','2025-01-01 04:44:00'),
(285,85,44,35,'interrompt expérience coûteuse','2025-01-01 04:45:00'),
(286,86,45,36,'choisit trajet alternatif','2025-01-01 04:46:00'),
(287,87,46,37,'gère confidentialité vs sécurité','2025-01-01 04:47:00'),
(288,88,47,38,'décision autonome','2025-01-01 04:48:00'),
(289,89,48,39,'protège Humain-048','2025-01-01 04:49:00'),
(290,90,49,40,'résout ordre contradictoire','2025-01-01 04:50:00'),
(291,91,50,41,'sauve membre clef','2025-01-01 04:51:00'),
(292,92,51,42,'priorise patient critique','2025-01-01 04:52:00'),
(293,93,52,43,'répare et notifie incident','2025-01-01 04:53:00'),
(294,94,53,44,'restreint mouvements pour sécurité','2025-01-01 04:54:00'),
(295,95,54,45,'utilise ressources rares','2025-01-01 04:55:00'),
(296,96,55,46,'sacrifie composant pour sauvegarde','2025-01-01 04:56:00'),
(297,97,56,47,'protège inconnu','2025-01-01 04:57:00'),
(298,98,57,48,'gère mutinerie','2025-01-01 04:58:00'),
(299,99,58,49,'arbitre automatisation vs humain','2025-01-01 04:59:00'),
(300,100,59,50,'gestion surcharge finale','2025-01-01 05:00:00');

COMMIT;

-- Fin du script : 100 robots, 200 humains, 50 scenarios, 300 actions
