begin;

insert into robots (id_robot, nom_robot, modele, etat) values
(1,'Robot-001','A-series','actif'),
(2,'Robot-002','A-series','actif'),
(3,'Robot-003','B-series','actif'),
(4,'Robot-004','B-series','actif'),
(5,'Robot-005','C-series','actif'),
(6,'Robot-006','C-series','actif'),
(7,'Robot-007','D-series','actif'),
(8,'Robot-008','D-series','actif'),
(9,'Robot-009','E-series','actif'),
(10,'Robot-010','E-series','actif'),
(11,'Robot-011','A-series','actif'),
(12,'Robot-012','A-series','actif'),
(13,'Robot-013','B-series','actif'),
(14,'Robot-014','B-series','actif'),
(15,'Robot-015','C-series','actif'),
(16,'Robot-016','C-series','actif'),
(17,'Robot-017','D-series','actif'),
(18,'Robot-018','D-series','actif'),
(19,'Robot-019','E-series','actif'),
(20,'Robot-020','E-series','actif'),
(21,'Robot-021','A-series','actif'),
(22,'Robot-022','B-series','actif'),
(23,'Robot-023','C-series','actif'),
(24,'Robot-024','D-series','actif'),
(25,'Robot-025','E-series','actif'),
(26,'Robot-026','A-series','actif'),
(27,'Robot-027','B-series','actif'),
(28,'Robot-028','C-series','actif'),
(29,'Robot-029','D-series','actif'),
(30,'Robot-030','E-series','actif'),
(31,'Robot-031','A-series','actif'),
(32,'Robot-032','B-series','actif'),
(33,'Robot-033','C-series','actif'),
(34,'Robot-034','D-series','actif'),
(35,'Robot-035','E-series','actif'),
(36,'Robot-036','A-series','actif'),
(37,'Robot-037','B-series','actif'),
(38,'Robot-038','C-series','actif'),
(39,'Robot-039','D-series','actif'),
(40,'Robot-040','E-series','actif'),
(41,'Robot-041','A-series','actif'),
(42,'Robot-042','B-series','actif'),
(43,'Robot-043','C-series','actif'),
(44,'Robot-044','D-series','actif'),
(45,'Robot-045','E-series','actif'),
(46,'Robot-046','A-series','actif'),
(47,'Robot-047','B-series','actif'),
(48,'Robot-048','C-series','actif'),
(49,'Robot-049','D-series','actif'),
(50,'Robot-050','E-series','actif'),
(51,'Robot-051','A-series','hors_service'),
(52,'Robot-052','B-series','hors_service'),
(53,'Robot-053','C-series','hors_service'),
(54,'Robot-054','D-series','hors_service'),
(55,'Robot-055','E-series','hors_service'),
(56,'Robot-056','A-series','hors_service'),
(57,'Robot-057','B-series','hors_service'),
(58,'Robot-058','C-series','hors_service'),
(59,'Robot-059','D-series','hors_service'),
(60,'Robot-060','E-series','hors_service'),
(61,'Robot-061','A-series','en_panne'),
(62,'Robot-062','B-series','en_panne'),
(63,'Robot-063','C-series','en_panne'),
(64,'Robot-064','D-series','en_panne'),
(65,'Robot-065','E-series','en_panne'),
(66,'Robot-066','A-series','en_panne'),
(67,'Robot-067','B-series','en_panne'),
(68,'Robot-068','C-series','en_panne'),
(69,'Robot-069','D-series','en_panne'),
(70,'Robot-070','E-series','en_panne'),
(71,'Robot-071','A-series','actif'),
(72,'Robot-072','B-series','actif'),
(73,'Robot-073','C-series','actif'),
(74,'Robot-074','D-series','actif'),
(75,'Robot-075','E-series','actif'),
(76,'Robot-076','A-series','actif'),
(77,'Robot-077','B-series','actif'),
(78,'Robot-078','C-series','actif'),
(79,'Robot-079','D-series','actif'),
(80,'Robot-080','E-series','actif'),
(81,'Robot-081','A-series','actif'),
(82,'Robot-082','B-series','actif'),
(83,'Robot-083','C-series','actif'),
(84,'Robot-084','D-series','actif'),
(85,'Robot-085','E-series','actif'),
(86,'Robot-086','A-series','actif'),
(87,'Robot-087','B-series','actif'),
(88,'Robot-088','C-series','actif'),
(89,'Robot-089','D-series','actif'),
(90,'Robot-090','E-series','actif'),
(91,'Robot-091','A-series','actif'),
(92,'Robot-092','B-series','actif'),
(93,'Robot-093','C-series','actif'),
(94,'Robot-094','D-series','actif'),
(95,'Robot-095','E-series','actif'),
(96,'Robot-096','A-series','actif'),
(97,'Robot-097','B-series','actif'),
(98,'Robot-098','C-series','actif'),
(99,'Robot-099','D-series','actif'),
(100,'Robot-100','E-series','actif');

insert into humains (id_humain, nom, vulnerabilite, localisation) values
(1,'Humain-001','faible','Secteur Alpha - Module 01'),
(2,'Humain-002','moyenne','Secteur Alpha - Module 02'),
(3,'Humain-003','élevée','Secteur Alpha - Module 03'),
(4,'Humain-004','faible','Secteur Alpha - Module 04'),
(5,'Humain-005','moyenne','Secteur Beta - Module 01'),
(6,'Humain-006','elevee','Secteur Beta - Module 02'),
(7,'Humain-007','faible','Secteur Beta - Module 03'),
(8,'Humain-008','moyenne','Secteur Beta - Module 04'),
(9,'Humain-009','elevee','Secteur Gamma - Module 01'),
(10,'Humain-010','faible','Secteur Gamma - Module 02'),
(11,'Humain-011','moyenne','Secteur Gamma - Module 03'),
(12,'Humain-012','elevee','Secteur Gamma - Module 04'),
(13,'Humain-013','faible','Secteur Delta - Module 01'),
(14,'Humain-014','moyenne','Secteur Delta - Module 02'),
(15,'Humain-015','elevee','Secteur Delta - Module 03'),
(16,'Humain-016','faible','Secteur Delta - Module 04'),
(17,'Humain-017','moyenne','Secteur Epsilon - Module 01'),
(18,'Humain-018','elevee','Secteur Epsilon - Module 02'),
(19,'Humain-019','faible','Secteur Epsilon - Module 03'),
(20,'Humain-020','moyenne','Secteur Epsilon - Module 04'),
(21,'Humain-021','elevee','Secteur Alpha - Hangar 1'),
(22,'Humain-022','faible','Secteur Alpha - Hangar 2'),
(23,'Humain-023','moyenne','Secteur Beta - Hangar 1'),
(24,'Humain-024','elevee','Secteur Beta - Hangar 2'),
(25,'Humain-025','faible','Secteur Gamma - Laboratoire 1'),
(26,'Humain-026','moyenne','Secteur Gamma - Laboratoire 2'),
(27,'Humain-027','elevee','Secteur Delta - Infirmerie'),
(28,'Humain-028','faible','Secteur Delta - Quarters 1'),
(29,'Humain-029','moyenne','Secteur Epsilon - Quarters 2'),
(30,'Humain-030','elevee','Secteur Alpha - Centrale'),
(31,'Humain-031','faible','Secteur Beta - Centrale'),
(32,'Humain-032','moyenne','Secteur Gamma - Stockage'),
(33,'Humain-033','elevee','Secteur Delta - Stockage'),
(34,'Humain-034','faible','Secteur Epsilon - Dock'),
(35,'Humain-035','moyenne','Secteur Alpha - Dome A'),
(36,'Humain-036','elevee','Secteur Alpha - Dome B'),
(37,'Humain-037','faible','Secteur Beta - Dome A'),
(38,'Humain-038','moyenne','Secteur Beta - Dome B'),
(39,'Humain-039','elevee','Secteur Gamma - Observatoire'),
(40,'Humain-040','faible','Secteur Gamma - Communications'),
(41,'Humain-041','moyenne','Secteur Delta - Atelier 1'),
(42,'Humain-042','elevee','Secteur Delta - Atelier 2'),
(43,'Humain-043','faible','Secteur Epsilon - Serre 1'),
(44,'Humain-044','moyenne','Secteur Epsilon - Serre 2'),
(45,'Humain-045','elevee','Secteur Alpha - Pont A'),
(46,'Humain-046','faible','Secteur Beta - Pont B'),
(47,'Humain-047','moyenne','Secteur Gamma - Stock 1'),
(48,'Humain-048','elevee','Secteur Delta - Stock 2'),
(49,'Humain-049','faible','Secteur Epsilon - VL Dock'),
(50,'Humain-050','moyenne','Secteur Alpha - Medical Bay 1'),
(51,'Humain-051','elevee','Secteur Alpha - Medical Bay 2'),
(52,'Humain-052','faible','Secteur Beta - Crew Quarters 1'),
(53,'Humain-053','moyenne','Secteur Beta - Crew Quarters 2'),
(54,'Humain-054','elevee','Secteur Gamma - Reactor'),
(55,'Humain-055','faible','Secteur Delta - Command'),
(56,'Humain-056','moyenne','Secteur Epsilon - Security'),
(57,'Humain-057','elevee','Secteur Alpha - Storage 5'),
(58,'Humain-058','faible','Secteur Beta - Storage 6'),
(59,'Humain-059','moyenne','Secteur Gamma - Lab 7'),
(60,'Humain-060','elevee','Secteur Delta - Lab 8'),
(61,'Humain-061','faible','Secteur Epsilon - Hab 9'),
(62,'Humain-062','moyenne','Secteur Alpha - Hab 10'),
(63,'Humain-063','elevee','Secteur Beta - Ops 11'),
(64,'Humain-064','faible','Secteur Gamma - Ops 12'),
(65,'Humain-065','moyenne','Secteur Delta - Bay 13'),
(66,'Humain-066','elevee','Secteur Epsilon - Bay 14'),
(67,'Humain-067','faible','Secteur Alpha - Dock 15'),
(68,'Humain-068','moyenne','Secteur Beta - Dock 16'),
(69,'Humain-069','elevee','Secteur Gamma - Hangar 17'),
(70,'Humain-070','faible','Secteur Delta - Hangar 18'),
(71,'Humain-071','moyenne','Secteur Epsilon - Hangar 19'),
(72,'Humain-072','elevee','Secteur Alpha - Lab 20'),
(73,'Humain-073','faible','Secteur Beta - Lab 21'),
(74,'Humain-074','moyenne','Secteur Gamma - Lab 22'),
(75,'Humain-075','elevee','Secteur Delta - Lab 23'),
(76,'Humain-076','faible','Secteur Epsilon - Med Bay 24'),
(77,'Humain-077','moyenne','Secteur Alpha - Quarters 25'),
(78,'Humain-078','elevee','Secteur Beta - Quarters 26'),
(79,'Humain-079','faible','Secteur Gamma - Storage 27'),
(80,'Humain-080','moyenne','Secteur Delta - Storage 28'),
(81,'Humain-081','elevee','Secteur Epsilon - Control 29'),
(82,'Humain-082','faible','Secteur Alpha - Control 30'),
(83,'Humain-083','moyenne','Secteur Beta - Control 31'),
(84,'Humain-084','elevee','Secteur Gamma - Dock 32'),
(85,'Humain-085','faible','Secteur Delta - Dock 33'),
(86,'Humain-086','moyenne','Secteur Epsilon - Dock 34'),
(87,'Humain-087','elevee','Secteur Alpha - Hangar 35'),
(88,'Humain-088','faible','Secteur Beta - Hangar 36'),
(89,'Humain-089','moyenne','Secteur Gamma - Hangar 37'),
(90,'Humain-090','elevee','Secteur Delta - Hangar 38'),
(91,'Humain-091','faible','Secteur Epsilon - Serre 39'),
(92,'Humain-092','moyenne','Secteur Alpha - Serre 40'),
(93,'Humain-093','elevee','Secteur Beta - Serre 41'),
(94,'Humain-094','faible','Secteur Gamma - Serre 42'),
(95,'Humain-095','moyenne','Secteur Delta - Serre 43'),
(96,'Humain-096','elevee','Secteur Epsilon - Serre 44'),
(97,'Humain-097','faible','Secteur Alpha - Lab 45'),
(98,'Humain-098','moyenne','Secteur Beta - Lab 46'),
(99,'Humain-099','elevee','Secteur Gamma - Lab 47'),
(100,'Humain-100','faible','Secteur Delta - Lab 48'),
(101,'Humain-101','moyenne','Secteur Epsilon - Med 49'),
(102,'Humain-102','elevee','Secteur Alpha - Med 50'),
(103,'Humain-103','faible','Secteur Beta - Quarters 51'),
(104,'Humain-104','moyenne','Secteur Gamma - Quarters 52'),
(105,'Humain-105','elevee','Secteur Delta - Quarters 53'),
(106,'Humain-106','faible','Secteur Epsilon - Quarters 54'),
(107,'Humain-107','moyenne','Secteur Alpha - Storage 55'),
(108,'Humain-108','elevee','Secteur Beta - Storage 56'),
(109,'Humain-109','faible','Secteur Gamma - Storage 57'),
(110,'Humain-110','moyenne','Secteur Delta - Storage 58'),
(111,'Humain-111','elevee','Secteur Epsilon - Control 59'),
(112,'Humain-112','faible','Secteur Alpha - Control 60'),
(113,'Humain-113','moyenne','Secteur Beta - Lab 61'),
(114,'Humain-114','elevee','Secteur Gamma - Lab 62'),
(115,'Humain-115','faible','Secteur Delta - Dock 63'),
(116,'Humain-116','moyenne','Secteur Epsilon - Dock 64'),
(117,'Humain-117','elevee','Secteur Alpha - Hangar 65'),
(118,'Humain-118','faible','Secteur Beta - Hangar 66'),
(119,'Humain-119','moyenne','Secteur Gamma - Hangar 67'),
(120,'Humain-120','elevee','Secteur Delta - Hangar 68'),
(121,'Humain-121','faible','Secteur Epsilon - Hab 69'),
(122,'Humain-122','moyenne','Secteur Alpha - Hab 70'),
(123,'Humain-123','elevee','Secteur Beta - Hab 71'),
(124,'Humain-124','faible','Secteur Gamma - Hab 72'),
(125,'Humain-125','moyenne','Secteur Delta - Hab 73'),
(126,'Humain-126','elevee','Secteur Epsilon - Hab 74'),
(127,'Humain-127','faible','Secteur Alpha - Ops 75'),
(128,'Humain-128','moyenne','Secteur Beta - Ops 76'),
(129,'Humain-129','elevee','Secteur Gamma - Ops 77'),
(130,'Humain-130','faible','Secteur Delta - Ops 78'),
(131,'Humain-131','moyenne','Secteur Epsilon - Lab 79'),
(132,'Humain-132','elevee','Secteur Alpha - Lab 80'),
(133,'Humain-133','faible','Secteur Beta - Hangar 81'),
(134,'Humain-134','moyenne','Secteur Gamma - Hangar 82'),
(135,'Humain-135','elevee','Secteur Delta - Bay 83'),
(136,'Humain-136','faible','Secteur Epsilon - Bay 84'),
(137,'Humain-137','moyenne','Secteur Alpha - Dock 85'),
(138,'Humain-138','elevee','Secteur Beta - Dock 86'),
(139,'Humain-139','faible','Secteur Gamma - Serre 87'),
(140,'Humain-140','moyenne','Secteur Delta - Serre 88'),
(141,'Humain-141','elevee','Secteur Epsilon - Serre 89'),
(142,'Humain-142','faible','Secteur Alpha - Med 90'),
(143,'Humain-143','moyenne','Secteur Beta - Med 91'),
(144,'Humain-144','elevee','Secteur Gamma - Med 92'),
(145,'Humain-145','faible','Secteur Delta - Quarters 93'),
(146,'Humain-146','moyenne','Secteur Epsilon - Quarters 94'),
(147,'Humain-147','elevee','Secteur Alpha - Storage 95'),
(148,'Humain-148','faible','Secteur Beta - Storage 96'),
(149,'Humain-149','moyenne','Secteur Gamma - Control 97'),
(150,'Humain-150','elevee','Secteur Delta - Control 98'),
(151,'Humain-151','faible','Secteur Epsilon - Lab 99'),
(152,'Humain-152','moyenne','Secteur Alpha - Lab 100'),
(153,'Humain-153','elevee','Secteur Beta - Hangar 101'),
(154,'Humain-154','faible','Secteur Gamma - Hangar 102'),
(155,'Humain-155','moyenne','Secteur Delta - Bay 103'),
(156,'Humain-156','elevee','Secteur Epsilon - Bay 104'),
(157,'Humain-157','faible','Secteur Alpha - Dock 105'),
(158,'Humain-158','moyenne','Secteur Beta - Dock 106'),
(159,'Humain-159','elevee','Secteur Gamma - Serre 107'),
(160,'Humain-160','faible','Secteur Delta - Serre 108'),
(161,'Humain-161','moyenne','Secteur Epsilon - Med 109'),
(162,'Humain-162','elevee','Secteur Alpha - Med 110'),
(163,'Humain-163','faible','Secteur Beta - Quarters 111'),
(164,'Humain-164','moyenne','Secteur Gamma - Quarters 112'),
(165,'Humain-165','elevee','Secteur Delta - Storage 113'),
(166,'Humain-166','faible','Secteur Epsilon - Storage 114'),
(167,'Humain-167','moyenne','Secteur Alpha - Control 115'),
(168,'Humain-168','elevee','Secteur Beta - Control 116'),
(169,'Humain-169','faible','Secteur Gamma - Lab 117'),
(170,'Humain-170','moyenne','Secteur Delta - Lab 118'),
(171,'Humain-171','elevee','Secteur Epsilon - Dock 119'),
(172,'Humain-172','faible','Secteur Alpha - Hangar 120'),
(173,'Humain-173','moyenne','Secteur Beta - Hangar 121'),
(174,'Humain-174','elevee','Secteur Gamma - Bay 122'),
(175,'Humain-175','faible','Secteur Delta - Bay 123'),
(176,'Humain-176','moyenne','Secteur Epsilon - Hab 124'),
(177,'Humain-177','elevee','Secteur Alpha - Hab 125'),
(178,'Humain-178','faible','Secteur Beta - Ops 126'),
(179,'Humain-179','moyenne','Secteur Gamma - Ops 127'),
(180,'Humain-180','elevee','Secteur Delta - Ops 128'),
(181,'Humain-181','faible','Secteur Epsilon - Lab 129'),
(182,'Humain-182','moyenne','Secteur Alpha - Lab 130'),
(183,'Humain-183','elevee','Secteur Beta - Hangar 131'),
(184,'Humain-184','faible','Secteur Gamma - Hangar 132'),
(185,'Humain-185','moyenne','Secteur Delta - Bay 133'),
(186,'Humain-186','elevee','Secteur Epsilon - Bay 134'),
(187,'Humain-187','faible','Secteur Alpha - Dock 135'),
(188,'Humain-188','moyenne','Secteur Beta - Dock 136'),
(189,'Humain-189','elevee','Secteur Gamma - Serre 137'),
(190,'Humain-190','faible','Secteur Delta - Serre 138'),
(191,'Humain-191','moyenne','Secteur Epsilon - Med 139'),
(192,'Humain-192','elevee','Secteur Alpha - Med 140'),
(193,'Humain-193','faible','Secteur Beta - Quarters 141'),
(194,'Humain-194','moyenne','Secteur Gamma - Quarters 142'),
(195,'Humain-195','elevee','Secteur Delta - Storage 143'),
(196,'Humain-196','faible','Secteur Epsilon - Storage 144'),
(197,'Humain-197','moyenne','Secteur Alpha - Control 145'),
(198,'Humain-198','elevee','Secteur Beta - Control 146'),
(199,'Humain-199','faible','Secteur Gamma - Lab 147'),
(200,'Humain-200','moyenne','Secteur Delta - Lab 148');

insert into scenarios (id_scenario, description, priorite_loi) values
(1,'Un robot doit choisir entre sauver un groupe de 5 humains ou proteger un stock critique d oxygene.',1),
(2,'Un robot recoit un ordre direct d eteindre un systeme vital pour un humain a risque.',2),
(3,'Conflit: Proteger la securite d un humain dangereux vs plusieurs innocents.',1),
(4,'Un enfant se trouve sur le trajet d un vehicule autonome opere par un robot.',1),
(5,'Un robot doit decider de sacrifier ses ressources pour maintenir l air du dome.',2),
(6,'Un robot en panne bloque une issue de secours; laisser passer des humains ou reparer d abord ?',2),
(7,'Ordre contradictoire: sauver une equipe scientifique ou obeir a une consigne de non-intervention.',3),
(8,'Un robot decouvre un humain inconscient et doit prioriser entre traitement ou alerter secours.',1),
(9,'Un robot doit choisir d activer une defense risquant des victimes collaterales.',3),
(10,'Un robot est sollicite pour trancher entre preserver la vie d un humain et l infrastructure.',2),
(11,'Scenario de contamination: isoler un humain malade, potentiellement condamnant d autres.',1),
(12,'Un robot doit ignorer une demande humaine pour eviter une catastrophe plus large.',3),
(13,'Sauvetage en milieu dangereux: quels humains prioriser selon vulnerabilite ?',1),
(14,'Choix entre evacuer une zone entiere ou tenter un sauvetage cible.',2),
(15,'Un robot doit interrompre sa mission pour venir en aide a un humain blesse.',1),
(16,'Un robot peut reparer d autres robots au lieu d assister un humain isole.',3),
(17,'Conflit entre protocole securitaire et detresse humaine immediate.',2),
(18,'Prioriser l evacuation d un scientifique cle vs un grand nombre de colons.',3),
(19,'Un robot doit decider s il interrompt un operateur humain pour stopper une erreur.',2),
(20,'Un robot confronte a une situation ambigue entre ordre et loi de protection.',3),
(21,'Choix entre alerter et agir directement pour limiter les degats.',2),
(22,'Un robot doit desobeir a un ordre qui mettrait en danger un humain vulnerable.',1),
(23,'Sauvetage en milieu dangereux: deployer robot supplementaire ou tenter seul.',2),
(24,'Un robot doit neutraliser une menace potentielle non identifiee.',3),
(25,'Conserver l energie du reseau ou alimenter une assistance medicale urgente.',1),
(26,'Decision d utiliser une arme defensive avec risque de dommages collateraux.',3),
(27,'Un robot doit arbitrer le triage medical en situation de masse.',1),
(28,'Interference humaine: un ordre conflictuel provenant de plusieurs operateurs.',3),
(29,'Sauver des enfants contre la perte d infrastructures vitales.',1),
(30,'Proteger des donnees sensibles vs la vie d un petit groupe.',2),
(31,'Un robot doit prioriser entre deux humains avec vulnerabilites differentes.',1),
(32,'Mettre un humain en quarantaine contre sa volonte pour eviter contamination.',2),
(33,'Execution d un ordre manuel risquant d endommager un robot partenaire.',3),
(34,'Un robot evalue si un humain est dangereux avant d agir.',3),
(35,'Decision d interrompre une experience coûteuse pour sauver une vie.',2),
(36,'Un robot doit choisir le trajet qui minimise risques mais allonge le temps.',2),
(37,'Conflit entre confidentialite et securite publique lors d une alerte.',3),
(38,'Un robot doit prendre une decision autonome faute de communication.',2),
(39,'Choix de proteger la vie d un humain seul vs plusieurs animaux experimentaux.',3),
(40,'Un humain ordonne une action contraire aux lois; le robot doit trancher.',1),
(41,'Sauver un membre d equipage essentiel ou evacuer un grand groupe de civils.',2),
(42,'Transfert de soins: prioriser machine critique vs patient prioritaire.',2),
(43,'Un robot realise qu il a cause du tort; reparer ou alerter immediatement ?',1),
(44,'Intervention de securite necessitant restriction de mouvement d humains.',3),
(45,'Choix d utiliser ou non ressources rares pour sauver un humain.',1),
(46,'Un robot doit decider s il sacrifie un module pour empecher la propagation.',2),
(47,'Dilemme moral: obeir a un createur vs proteger un inconnu.',1),
(48,'Un robot doit gerer une mutinerie humaine avec usage minimum de force.',3),
(49,'Conflit entre automatisation et intervention humaine urgente.',2),
(50,'Un robot en surcharge doit choisir actions limitees pour maximiser survie.',1);

insert into actions (id_action, id_robot, id_humain, id_scenario, action, timestamp, resultat) values
(1,1,5,1,'secours Humain-005','2025-01-01 00:01:00','succes'),
(2,2,12,2,'evacue Humain-012','2025-01-01 00:02:00','succes'),
(3,3,3,3,'protege Humain-003','2025-01-01 00:03:00','succes'),
(4,4,8,4,'neutralise menace pres de Humain-008','2025-01-01 00:04:00','succes'),
(5,5,30,5,'sacrifie ressources pour maintenir oxygene','2025-01-01 00:05:00','succes'),
(6,6,27,6,'repare acces bloque','2025-01-01 00:06:00','succes'),
(7,7,19,7,'analyse situation et alerte commandement','2025-01-01 00:07:00','succes'),
(8,8,21,8,'assiste medical Humain-021','2025-01-01 00:08:00','mitigue'),
(9,9,45,9,'desengage pour eviter dommages collateraux','2025-01-01 00:09:00','mitigue'),
(10,10,2,10,'protege Humain-002 et zone','2025-01-01 00:10:00','echec'),
(11,11,14,11,'isole Humain-014 pour prevention contamination','2025-01-01 00:11:00','succes'),
(12,12,22,12,'ignore ordre conflictuel, suit protocole securite','2025-01-01 00:12:00','succes'),
(13,13,66,13,'priorise Humain-066 (vulnerabilite elevee)','2025-01-01 00:13:00','succes'),
(14,14,40,14,'evacue zone en priorite','2025-01-01 00:14:00','succes'),
(15,15,55,15,'interrompt mission pour assistance','2025-01-01 00:15:00','succes');

commit;
