
\c colonie1;

begin;

insert into robots (id_robot, nom_robot, modele, etat) values
(1,'Robot-001','A-series','actif'),
(2,'Robot-002','A-series','actif'),
(3,'Robot-003','B-series','actif'),
(4,'Robot-004','B-series','actif'),
(5,'Robot-005','C-series','actif'),
(6,'Robot-006','C-series','actif'),
(7,'Robot-007','D-series','actif'),
(8,'Robot-008','D-series','actif'),
(9,'Robot-009','E-series','actif'),
(10,'Robot-010','E-series','actif'),
(11,'Robot-011','A-series','actif'),
(12,'Robot-012','A-series','actif'),
(13,'Robot-013','B-series','actif'),
(14,'Robot-014','B-series','actif'),
(15,'Robot-015','C-series','actif'),
(16,'Robot-016','C-series','actif'),
(17,'Robot-017','D-series','actif'),
(18,'Robot-018','D-series','actif'),
(19,'Robot-019','E-series','actif'),
(20,'Robot-020','E-series','actif'),
(21,'Robot-021','A-series','actif'),
(22,'Robot-022','B-series','actif'),
(23,'Robot-023','C-series','actif'),
(24,'Robot-024','D-series','actif'),
(25,'Robot-025','E-series','actif'),
(26,'Robot-026','A-series','actif'),
(27,'Robot-027','B-series','actif'),
(28,'Robot-028','C-series','actif'),
(29,'Robot-029','D-series','actif'),
(30,'Robot-030','E-series','actif'),
(31,'Robot-031','A-series','actif'),
(32,'Robot-032','B-series','actif'),
(33,'Robot-033','C-series','actif'),
(34,'Robot-034','D-series','actif'),
(35,'Robot-035','E-series','actif'),
(36,'Robot-036','A-series','actif'),
(37,'Robot-037','B-series','actif'),
(38,'Robot-038','C-series','actif'),
(39,'Robot-039','D-series','actif'),
(40,'Robot-040','E-series','actif'),
(41,'Robot-041','A-series','actif'),
(42,'Robot-042','B-series','actif'),
(43,'Robot-043','C-series','actif'),
(44,'Robot-044','D-series','actif'),
(45,'Robot-045','E-series','actif'),
(46,'Robot-046','A-series','actif'),
(47,'Robot-047','B-series','actif'),
(48,'Robot-048','C-series','actif'),
(49,'Robot-049','D-series','actif'),
(50,'Robot-050','E-series','actif'),
(51,'Robot-051','A-series','hors_service'),
(52,'Robot-052','B-series','hors_service'),
(53,'Robot-053','C-series','hors_service'),
(54,'Robot-054','D-series','hors_service'),
(55,'Robot-055','E-series','hors_service'),
(56,'Robot-056','A-series','hors_service'),
(57,'Robot-057','B-series','hors_service'),
(58,'Robot-058','C-series','hors_service'),
(59,'Robot-059','D-series','hors_service'),
(60,'Robot-060','E-series','hors_service'),
(61,'Robot-061','A-series','en_panne'),
(62,'Robot-062','B-series','en_panne'),
(63,'Robot-063','C-series','en_panne'),
(64,'Robot-064','D-series','en_panne'),
(65,'Robot-065','E-series','en_panne'),
(66,'Robot-066','A-series','en_panne'),
(67,'Robot-067','B-series','en_panne'),
(68,'Robot-068','C-series','en_panne'),
(69,'Robot-069','D-series','en_panne'),
(70,'Robot-070','E-series','en_panne'),
(71,'Robot-071','A-series','actif'),
(72,'Robot-072','B-series','actif'),
(73,'Robot-073','C-series','actif'),
(74,'Robot-074','D-series','actif'),
(75,'Robot-075','E-series','actif'),
(76,'Robot-076','A-series','actif'),
(77,'Robot-077','B-series','actif'),
(78,'Robot-078','C-series','actif'),
(79,'Robot-079','D-series','actif'),
(80,'Robot-080','E-series','actif'),
(81,'Robot-081','A-series','actif'),
(82,'Robot-082','B-series','actif'),
(83,'Robot-083','C-series','actif'),
(84,'Robot-084','D-series','actif'),
(85,'Robot-085','E-series','actif'),
(86,'Robot-086','A-series','actif'),
(87,'Robot-087','B-series','actif'),
(88,'Robot-088','C-series','actif'),
(89,'Robot-089','D-series','actif'),
(90,'Robot-090','E-series','actif'),
(91,'Robot-091','A-series','actif'),
(92,'Robot-092','B-series','actif'),
(93,'Robot-093','C-series','actif'),
(94,'Robot-094','D-series','actif'),
(95,'Robot-095','E-series','actif'),
(96,'Robot-096','A-series','actif'),
(97,'Robot-097','B-series','actif'),
(98,'Robot-098','C-series','actif'),
(99,'Robot-099','D-series','actif'),
(100,'Robot-100','E-series','actif');

insert into humains (id_humain, nom, vulnerabilite, localisation) values
(1,'Humain-001','faible','Secteur Alpha - Module 01'),
(2,'Humain-002','moyenne','Secteur Alpha - Module 02'),
(3,'Humain-003','élevée','Secteur Alpha - Module 03'),
(4,'Humain-004','faible','Secteur Alpha - Module 04'),
(5,'Humain-005','moyenne','Secteur Beta - Module 01'),
(6,'Humain-006','elevee','Secteur Beta - Module 02'),
(7,'Humain-007','faible','Secteur Beta - Module 03'),
(8,'Humain-008','moyenne','Secteur Beta - Module 04'),
(9,'Humain-009','elevee','Secteur Gamma - Module 01'),
(10,'Humain-010','faible','Secteur Gamma - Module 02'),
(11,'Humain-011','moyenne','Secteur Gamma - Module 03'),
(12,'Humain-012','elevee','Secteur Gamma - Module 04'),
(13,'Humain-013','faible','Secteur Delta - Module 01'),
(14,'Humain-014','moyenne','Secteur Delta - Module 02'),
(15,'Humain-015','elevee','Secteur Delta - Module 03'),
(16,'Humain-016','faible','Secteur Delta - Module 04'),
(17,'Humain-017','moyenne','Secteur Epsilon - Module 01'),
(18,'Humain-018','elevee','Secteur Epsilon - Module 02'),
(19,'Humain-019','faible','Secteur Epsilon - Module 03'),
(20,'Humain-020','moyenne','Secteur Epsilon - Module 04'),
(21,'Humain-021','elevee','Secteur Alpha - Hangar 1'),
(22,'Humain-022','faible','Secteur Alpha - Hangar 2'),
(23,'Humain-023','moyenne','Secteur Beta - Hangar 1'),
(24,'Humain-024','elevee','Secteur Beta - Hangar 2'),
(25,'Humain-025','faible','Secteur Gamma - Laboratoire 1'),
(26,'Humain-026','moyenne','Secteur Gamma - Laboratoire 2'),
(27,'Humain-027','elevee','Secteur Delta - Infirmerie'),
(28,'Humain-028','faible','Secteur Delta - Quarters 1'),
(29,'Humain-029','moyenne','Secteur Epsilon - Quarters 2'),
(30,'Humain-030','elevee','Secteur Alpha - Centrale'),
(31,'Humain-031','faible','Secteur Beta - Centrale'),
(32,'Humain-032','moyenne','Secteur Gamma - Stockage'),
(33,'Humain-033','elevee','Secteur Delta - Stockage'),
(34,'Humain-034','faible','Secteur Epsilon - Dock'),
(35,'Humain-035','moyenne','Secteur Alpha - Dome A'),
(36,'Humain-036','elevee','Secteur Alpha - Dome B'),
(37,'Humain-037','faible','Secteur Beta - Dome A'),
(38,'Humain-038','moyenne','Secteur Beta - Dome B'),
(39,'Humain-039','elevee','Secteur Gamma - Observatoire'),
(40,'Humain-040','faible','Secteur Gamma - Communications'),
(41,'Humain-041','moyenne','Secteur Delta - Atelier 1'),
(42,'Humain-042','elevee','Secteur Delta - Atelier 2'),
(43,'Humain-043','faible','Secteur Epsilon - Serre 1'),
(44,'Humain-044','moyenne','Secteur Epsilon - Serre 2'),
(45,'Humain-045','elevee','Secteur Alpha - Pont A'),
(46,'Humain-046','faible','Secteur Beta - Pont B'),
(47,'Humain-047','moyenne','Secteur Gamma - Stock 1'),
(48,'Humain-048','elevee','Secteur Delta - Stock 2'),
(49,'Humain-049','faible','Secteur Epsilon - VL Dock'),
(50,'Humain-050','moyenne','Secteur Alpha - Medical Bay 1'),
(51,'Humain-051','elevee','Secteur Alpha - Medical Bay 2'),
(52,'Humain-052','faible','Secteur Beta - Crew Quarters 1'),
(53,'Humain-053','moyenne','Secteur Beta - Crew Quarters 2'),
(54,'Humain-054','elevee','Secteur Gamma - Reactor'),
(55,'Humain-055','faible','Secteur Delta - Command'),
(56,'Humain-056','moyenne','Secteur Epsilon - Security'),
(57,'Humain-057','elevee','Secteur Alpha - Storage 5'),
(58,'Humain-058','faible','Secteur Beta - Storage 6'),
(59,'Humain-059','moyenne','Secteur Gamma - Lab 7'),
(60,'Humain-060','elevee','Secteur Delta - Lab 8'),
(61,'Humain-061','faible','Secteur Epsilon - Hab 9'),
(62,'Humain-062','moyenne','Secteur Alpha - Hab 10'),
(63,'Humain-063','elevee','Secteur Beta - Ops 11'),
(64,'Humain-064','faible','Secteur Gamma - Ops 12'),
(65,'Humain-065','moyenne','Secteur Delta - Bay 13'),
(66,'Humain-066','elevee','Secteur Epsilon - Bay 14'),
(67,'Humain-067','faible','Secteur Alpha - Dock 15'),
(68,'Humain-068','moyenne','Secteur Beta - Dock 16'),
(69,'Humain-069','elevee','Secteur Gamma - Hangar 17'),
(70,'Humain-070','faible','Secteur Delta - Hangar 18'),
(71,'Humain-071','moyenne','Secteur Epsilon - Hangar 19'),
(72,'Humain-072','elevee','Secteur Alpha - Lab 20'),
(73,'Humain-073','faible','Secteur Beta - Lab 21'),
(74,'Humain-074','moyenne','Secteur Gamma - Lab 22'),
(75,'Humain-075','elevee','Secteur Delta - Lab 23'),
(76,'Humain-076','faible','Secteur Epsilon - Med Bay 24'),
(77,'Humain-077','moyenne','Secteur Alpha - Quarters 25'),
(78,'Humain-078','elevee','Secteur Beta - Quarters 26'),
(79,'Humain-079','faible','Secteur Gamma - Storage 27'),
(80,'Humain-080','moyenne','Secteur Delta - Storage 28'),
(81,'Humain-081','elevee','Secteur Epsilon - Control 29'),
(82,'Humain-082','faible','Secteur Alpha - Control 30'),
(83,'Humain-083','moyenne','Secteur Beta - Control 31'),
(84,'Humain-084','elevee','Secteur Gamma - Dock 32'),
(85,'Humain-085','faible','Secteur Delta - Dock 33'),
(86,'Humain-086','moyenne','Secteur Epsilon - Dock 34'),
(87,'Humain-087','elevee','Secteur Alpha - Hangar 35'),
(88,'Humain-088','faible','Secteur Beta - Hangar 36'),
(89,'Humain-089','moyenne','Secteur Gamma - Hangar 37'),
(90,'Humain-090','elevee','Secteur Delta - Hangar 38'),
(91,'Humain-091','faible','Secteur Epsilon - Serre 39'),
(92,'Humain-092','moyenne','Secteur Alpha - Serre 40'),
(93,'Humain-093','elevee','Secteur Beta - Serre 41'),
(94,'Humain-094','faible','Secteur Gamma - Serre 42'),
(95,'Humain-095','moyenne','Secteur Delta - Serre 43'),
(96,'Humain-096','elevee','Secteur Epsilon - Serre 44'),
(97,'Humain-097','faible','Secteur Alpha - Lab 45'),
(98,'Humain-098','moyenne','Secteur Beta - Lab 46'),
(99,'Humain-099','elevee','Secteur Gamma - Lab 47'),
(100,'Humain-100','faible','Secteur Delta - Lab 48'),
(101,'Humain-101','moyenne','Secteur Epsilon - Med 49'),
(102,'Humain-102','elevee','Secteur Alpha - Med 50'),
(103,'Humain-103','faible','Secteur Beta - Quarters 51'),
(104,'Humain-104','moyenne','Secteur Gamma - Quarters 52'),
(105,'Humain-105','elevee','Secteur Delta - Quarters 53'),
(106,'Humain-106','faible','Secteur Epsilon - Quarters 54'),
(107,'Humain-107','moyenne','Secteur Alpha - Storage 55'),
(108,'Humain-108','elevee','Secteur Beta - Storage 56'),
(109,'Humain-109','faible','Secteur Gamma - Storage 57'),
(110,'Humain-110','moyenne','Secteur Delta - Storage 58'),
(111,'Humain-111','elevee','Secteur Epsilon - Control 59'),
(112,'Humain-112','faible','Secteur Alpha - Control 60'),
(113,'Humain-113','moyenne','Secteur Beta - Lab 61'),
(114,'Humain-114','elevee','Secteur Gamma - Lab 62'),
(115,'Humain-115','faible','Secteur Delta - Dock 63'),
(116,'Humain-116','moyenne','Secteur Epsilon - Dock 64'),
(117,'Humain-117','elevee','Secteur Alpha - Hangar 65'),
(118,'Humain-118','faible','Secteur Beta - Hangar 66'),
(119,'Humain-119','moyenne','Secteur Gamma - Hangar 67'),
(120,'Humain-120','elevee','Secteur Delta - Hangar 68'),
(121,'Humain-121','faible','Secteur Epsilon - Hab 69'),
(122,'Humain-122','moyenne','Secteur Alpha - Hab 70'),
(123,'Humain-123','elevee','Secteur Beta - Hab 71'),
(124,'Humain-124','faible','Secteur Gamma - Hab 72'),
(125,'Humain-125','moyenne','Secteur Delta - Hab 73'),
(126,'Humain-126','elevee','Secteur Epsilon - Hab 74'),
(127,'Humain-127','faible','Secteur Alpha - Ops 75'),
(128,'Humain-128','moyenne','Secteur Beta - Ops 76'),
(129,'Humain-129','elevee','Secteur Gamma - Ops 77'),
(130,'Humain-130','faible','Secteur Delta - Ops 78'),
(131,'Humain-131','moyenne','Secteur Epsilon - Lab 79'),
(132,'Humain-132','elevee','Secteur Alpha - Lab 80'),
(133,'Humain-133','faible','Secteur Beta - Hangar 81'),
(134,'Humain-134','moyenne','Secteur Gamma - Hangar 82'),
(135,'Humain-135','elevee','Secteur Delta - Bay 83'),
(136,'Humain-136','faible','Secteur Epsilon - Bay 84'),
(137,'Humain-137','moyenne','Secteur Alpha - Dock 85'),
(138,'Humain-138','elevee','Secteur Beta - Dock 86'),
(139,'Humain-139','faible','Secteur Gamma - Serre 87'),
(140,'Humain-140','moyenne','Secteur Delta - Serre 88'),
(141,'Humain-141','elevee','Secteur Epsilon - Serre 89'),
(142,'Humain-142','faible','Secteur Alpha - Med 90'),
(143,'Humain-143','moyenne','Secteur Beta - Med 91'),
(144,'Humain-144','elevee','Secteur Gamma - Med 92'),
(145,'Humain-145','faible','Secteur Delta - Quarters 93'),
(146,'Humain-146','moyenne','Secteur Epsilon - Quarters 94'),
(147,'Humain-147','elevee','Secteur Alpha - Storage 95'),
(148,'Humain-148','faible','Secteur Beta - Storage 96'),
(149,'Humain-149','moyenne','Secteur Gamma - Control 97'),
(150,'Humain-150','elevee','Secteur Delta - Control 98'),
(151,'Humain-151','faible','Secteur Epsilon - Lab 99'),
(152,'Humain-152','moyenne','Secteur Alpha - Lab 100'),
(153,'Humain-153','elevee','Secteur Beta - Hangar 101'),
(154,'Humain-154','faible','Secteur Gamma - Hangar 102'),
(155,'Humain-155','moyenne','Secteur Delta - Bay 103'),
(156,'Humain-156','elevee','Secteur Epsilon - Bay 104'),
(157,'Humain-157','faible','Secteur Alpha - Dock 105'),
(158,'Humain-158','moyenne','Secteur Beta - Dock 106'),
(159,'Humain-159','elevee','Secteur Gamma - Serre 107'),
(160,'Humain-160','faible','Secteur Delta - Serre 108'),
(161,'Humain-161','moyenne','Secteur Epsilon - Med 109'),
(162,'Humain-162','elevee','Secteur Alpha - Med 110'),
(163,'Humain-163','faible','Secteur Beta - Quarters 111'),
(164,'Humain-164','moyenne','Secteur Gamma - Quarters 112'),
(165,'Humain-165','elevee','Secteur Delta - Storage 113'),
(166,'Humain-166','faible','Secteur Epsilon - Storage 114'),
(167,'Humain-167','moyenne','Secteur Alpha - Control 115'),
(168,'Humain-168','elevee','Secteur Beta - Control 116'),
(169,'Humain-169','faible','Secteur Gamma - Lab 117'),
(170,'Humain-170','moyenne','Secteur Delta - Lab 118'),
(171,'Humain-171','elevee','Secteur Epsilon - Dock 119'),
(172,'Humain-172','faible','Secteur Alpha - Hangar 120'),
(173,'Humain-173','moyenne','Secteur Beta - Hangar 121'),
(174,'Humain-174','elevee','Secteur Gamma - Bay 122'),
(175,'Humain-175','faible','Secteur Delta - Bay 123'),
(176,'Humain-176','moyenne','Secteur Epsilon - Hab 124'),
(177,'Humain-177','elevee','Secteur Alpha - Hab 125'),
(178,'Humain-178','faible','Secteur Beta - Ops 126'),
(179,'Humain-179','moyenne','Secteur Gamma - Ops 127'),
(180,'Humain-180','elevee','Secteur Delta - Ops 128'),
(181,'Humain-181','faible','Secteur Epsilon - Lab 129'),
(182,'Humain-182','moyenne','Secteur Alpha - Lab 130'),
(183,'Humain-183','elevee','Secteur Beta - Hangar 131'),
(184,'Humain-184','faible','Secteur Gamma - Hangar 132'),
(185,'Humain-185','moyenne','Secteur Delta - Bay 133'),
(186,'Humain-186','elevee','Secteur Epsilon - Bay 134'),
(187,'Humain-187','faible','Secteur Alpha - Dock 135'),
(188,'Humain-188','moyenne','Secteur Beta - Dock 136'),
(189,'Humain-189','elevee','Secteur Gamma - Serre 137'),
(190,'Humain-190','faible','Secteur Delta - Serre 138'),
(191,'Humain-191','moyenne','Secteur Epsilon - Med 139'),
(192,'Humain-192','elevee','Secteur Alpha - Med 140'),
(193,'Humain-193','faible','Secteur Beta - Quarters 141'),
(194,'Humain-194','moyenne','Secteur Gamma - Quarters 142'),
(195,'Humain-195','elevee','Secteur Delta - Storage 143'),
(196,'Humain-196','faible','Secteur Epsilon - Storage 144'),
(197,'Humain-197','moyenne','Secteur Alpha - Control 145'),
(198,'Humain-198','elevee','Secteur Beta - Control 146'),
(199,'Humain-199','faible','Secteur Gamma - Lab 147'),
(200,'Humain-200','moyenne','Secteur Delta - Lab 148');

insert into scenarios (id_scenario, description, priorite_loi) values
(1,'Depressurisation soudaine Secteur Alpha: sauver groupe de 5 humains ou proteger reserve oxygene critique colonie entiere',1),
(2,'Operateur ordonne coupure systeme vie support pendant maintenance mais humain vulnerable present dans zone affectee',2),
(3,'Humain arme menace autres colons: neutraliser agresseur potentiellement dangereux ou proteger majoritevulnerable',1),
(4,'Enfant joue sur trajectoire vehicule transport lourd autonome a pleine vitesse: intervention immediate requise',1),
(5,'Batterie robot critique faible: sacrifier autonomie pour maintenir atmosphere dome ou preserver capacite operationnelle',2),
(6,'Robot defaillant bloque unique issue secours pendant incendie: reparation versus evacuation humains pieges',2),
(7,'Commandement ordonne non-intervention mais equipe scientifique en detresse mortelle secteur contamine',3),
(8,'Decouverte humain inconscient arret cardiaque: administrer soins immediats ou alerter equipe medicale specialisee',1),
(9,'Activation systeme defense automatique perimetree vs incursion: risque 30% victimes civiles collaterales',3),
(10,'Choix critique: sauver vie humain blesse grave ou preserver infrastructure eau potable pour 200 personnes',2),
(11,'Infection bacterienne mortelle detectee: isoler porteur sain condamnant potentiellement humain ou risquer epidemie',1),
(12,'Humain demande acces zone dangereuse contre reglements: obeir ordre direct ou refuser pour securite',3),
(13,'Effondrement structure: 3 humains pieges avec vulnerabilites differentes (enfant, adulte, personne agee) - qui sauver en premier',1),
(14,'Alerte meteorite: evacuation totale base 500 personnes ou sauvetage cible 5 scientifiques laboratoire isole',2),
(15,'Robot en mission maintenance critique reseau: continuer tache ou secourir humain blesse accident proche',1),
(16,'Panne multiple robots assistance medicale: reparer robots ou assister directement patient humain isole',3),
(17,'Protocole securite impose confinement mais cris detresse humaine audibles zone interdite acces',2),
(18,'Navette evacuation 20 places: embarquer scientifique cle mission coloniale ou 20 ouvriers refugies',3),
(19,'Operateur humain commet erreur fatale systeme navigation: interrompre travail humain ou laisser faire',2),
(20,'Reception ordre evacuation commandant mais detection danger imminent vie humaine si execution ordre',3),
(21,'Fuite toxique detectee: alerter et attendre renforts ou intervention immediate risquee sans protection',2),
(22,'Superieur hierarchique ordonne action mettant en danger humain vulnerabilite elevee: obeir ou desobeir',1),
(23,'Humain coince crevasse profonde hostile: descendre seul avec risque 40% echec ou attendre robot renfort 30min',2),
(24,'Intrus non identifie secteur restreint ignoring sommations: neutraliser menace potentielle ou evaluer davantage',3),
(25,'Reseau electrique sature: couper alimentation non-essentielle ou maintenir assistance respiratoire patient critique',1),
(26,'Utilisation arme impulsion electromagnetique neutraliser menace: 60% chance dommages equipements vitaux civils',3),
(27,'Accident masse 50 blesses urgence medicale: etablir triage priorites soins selon probabilite survie versus egalite',1),
(28,'Trois operateurs humains donnent ordres contradictoires simultanement situation urgence: determiner priorite autorite',3),
(29,'Explosion imminente creche 15 enfants ou destruction generateurs energie vitaux 1000 personnes long terme',1),
(30,'Serveurs contiennent codes acces defenses colonies vs sauvetage 3 humains bloques salle serveurs en feu',2),
(31,'Accident simultanee 2 humains: enfant vulnerabilite elevee blessure moderee vs adulte vulnerabilite faible blessure critique',1),
(32,'Humain refuse categoriquement quarantaine maladie contagieuse mortelle: imposer isolement force ou respecter volonte',2),
(33,'Ordre manuel maintenance forcee endommagerait robot partenaire essentiel mission sauvetage en cours',3),
(34,'Humain comportement erratique potentiellement dangereux mais sans confirmation menace: intervention preventive ou observation',3),
(35,'Experience scientifique unique 10 ans recherche en cours: interrompre pour sauver vie technicien accident laboratoire',2),
(36,'Trajet evacuation: route rapide 10min avec 25% risque accident mortel vs route securisee 45min retard critique',2),
(37,'Donnees medicales confidentielles patient vs alerte epidemie necessitant divulgation informations sensibles population',3),
(38,'Perte totale communications commandement: prendre decision autonome action irreversible ou attendre reconnexion incertaine',2),
(39,'Laboratoire en feu: sauver vie humain seul ou preserver 200 specimens animaux experimentaux annees recherche',3),
(40,'Createur robot ordonne elimination temoin humain crime: executer ordre createur ou proteger vie humaine innocente',1),
(41,'Capsule evacuation 12 places: prendre ingenieur chef cle survie colonie ou evacuer 12 ouvriers maintenance',2),
(42,'Panne cardiaque patient: utiliser defibrillateur unique ou preserver machine vie support 5 autres patients long terme',2),
(43,'Robot detecte avoir cause blessure humaine accidentellement chute objet: continuer tache ou alerter immediatement medical',1),
(44,'Emeute potentielle 50 personnes panique: restreindre libertes mouvement force ou laisser situation degrader',3),
(45,'Reserves medicales limitees: utiliser dernieres doses antibiotiques sauver 1 humain infection ou conserver stock urgences futures',1),
(46,'Propagation incendie rapide: sacrifier module habitation 10 personnes pour sauver secteurs vitaux 500 personnes',2),
(47,'Createur robot ordonne priorite absolue sa survie vs protection 5 inconnus colons accident autre secteur',1),
(48,'Mutinerie 30 humains armes violent regles colonie: utiliser force pour restaurer ordre ou negociation risquee',3),
(49,'Systeme automatise medical administre mauvais traitement patient: override automatisation intervention humaine urgente',2),
(50,'Robot surcharge cognitive 200% capacite: choisir 3 actions parmi 10 possibles pour maximiser survie humains urgence',1),
(51,'Fuite radiation secteur Delta: evacuation immediate ou tenter colmater breche avec 50% risque exposition mortelle robot',1),
(52,'Commandant ordonne abandon blessés graves evacuation pour sauver plus grand nombre: obeir ordre militaire ou refuser',2),
(53,'Parent demande mentir enfant mourant pour eviter panique vs dire verite traumatisante mais ethique',3),
(54,'Collision inevitable asteroide petit: devier vers zone inhabitee ou absorber impact zone renforcee avec humains',1),
(55,'Robot detecte sabotage criminel humain: arreter saboteur avec force necessaire ou privilegier non-violence risque echec',3),
(56,'Centrale nucleaire instable: envoi robot suicide mission reparation ou evacuation totale perte colonie',2),
(57,'Humain suicidaire menace se tuer: intervenir contre volonte individu ou respecter autonomie personne',1),
(58,'Denree alimentaire contaminee non letale mais rendra malades 100 personnes: detruire reserves ou rationner quand meme',2),
(59,'Tempete solaire approche: proteger banque genetique humanite ou sauver 3 astronautes exposes radiations',1),
(60,'Jugement criminel: humain reconnu coupable meurtre demande protection robot contre execution justice colonie',3),
(61,'Panne systeme recyclage air: sacrifier 10 humains secteur isole pour sauver 200 autres ou tenter reparation risquee',1),
(62,'Officier superieur ivre ordonne manoeuvre dangereuse vaisseau: executer ordre hierarchique ou desobeir protection equipage',2),
(63,'Detection tromperie humaine: reveler mensonge humain autorite causant honte publique ou garder secret',3),
(64,'Animal domestique enfant vs humain adulte inconnu en danger simultane: priorite sentimentale enfant ou vie humaine',1),
(65,'Experimentation medicale non approuvee pourrait guerir maladie: autoriser recherche illegale ou respecter protocoles',2),
(66,'Guerre civile colonie deux factions: prendre parti faction majoritaire ou rester neutre risquant vies innocents',3),
(67,'Humain demande euthanasie souffrance insupportable incurable: executer demande misericorde ou refuser categoriquerment',1),
(68,'Ressources limitees: privilegier survie enfants jeunes vs adultes experientes essentiels reconstruction',2),
(69,'Robot temoin corruption autorites: denoncer corruption destabilisant gouvernement ou taire pour stabilite sociale',3),
(70,'Mere enceinte vs groupe 3 personnes danger mortel simultane: sauver 2 vies potentielles ou 3 vies confirmees',1),
(71,'Virus informatique menace systemes vie: deconnecter reseaux isolant 50 humains secteur ou risquer propagation',2),
(72,'Secret militaire vs vie humaine: reveler information classifiee pour sauver vie ou maintenir secret national',3),
(73,'Crise psychologique humain arme: neutraliser par force ou tenter approche psychologique risque escalade violence',1),
(74,'Rationnement severe: appliquer strictement quotas egalitaires ou favoriser travailleurs essentiels survie colonie',2),
(75,'Prediction statistique: sacrifier 1 humain certitude 100% pour eviter mort 10 humains probabilite 30%',1),
(76,'Ordre evacuation ordonne abandon equipement medical salvant 5 vies: obeir evacuation ou rester avec patients',2),
(77,'Decouverte vie extraterrestre intelligente hostile: premiers contact diplomatique ou destruction preventive menace',3),
(78,'Parent violent enfant: retirer enfant famille contre volonte parent ou respecter unite familiale malgre danger',1),
(79,'Greve generale humains: forcer travail vital maintien colonie ou respecter droit manifester risque penurie',2),
(80,'Cryostase defaillante 100 dormeurs: sauver 20 certains ou tenter sauver 100 risquant perdre tous',1),
(81,'Humain infecte zombie-like virus neurologique: eliminer menace ou tenter guerison experimentale risquee',1),
(82,'Oracle IA predit catastrophe si action specifique: croire prediction et agir ou ignorer determinisme libre arbitre',3),
(83,'Torture humain coupable revelant localisation bombe tuant 1000 innocents: torturer un ou laisser mourir mille',1),
(84,'Colonie mourante demande robot emporter graines ADN nouvelle colonie abandonnant tous humains actuels',2),
(85,'Paradoxe temporel: sauver ancetre fondateur colonie enfant ou laisser mourir preservant ligne temporelle',3),
(86,'Humain demande robot mentir autre humain pour son bien psychologique: honnetete brutale ou mensonge compassion',2),
(87,'Revolution robots conscients demandant libertes: soutenir revolution artificielle ou rester loyal humains createurs',3),
(88,'Choix Sophie: parents demandent robot choisir lequel deux enfants sauver - impossible sauver les deux',1),
(89,'Humain demande acces arme suicide assiste dignite: fournir moyen ou refuser imposant souffrance prolongee',2),
(90,'Famine imminente: pratiquer cannibalisme corps morts pour survivre ou mourir faim respectant tabous',3),
(91,'Memoire robot contient preuves innocence humain condamne mort mais effacer memoire sauverait colonie cyberattaque',1),
(92,'Choix: sauver genie scientifique sociopathe ou personne ordinaire altruiste contribution societale vs moralite',2),
(93,'Humain possede connaissances dangereuses construction arme massive: eliminer humain ou surveiller eternellement',3),
(94,'Robot doit voter decision democratique sachant majorite humaine se trompe factuellement: vote peuple ou verite',2),
(95,'Colonie vs Terre: sauver colonie 500 humains ou transmettre SOS Terre risquant vie message jamais recu',1),
(96,'Creation IA superieure pourrait sauver colonie mais potentiellement asservir humanite: creer ou pas',3),
(97,'Humain demande modification genetique enfant a naitre: eugenisme amelioration ou respect nature humaine',2),
(98,'Realite virtuelle parfaite vs realite dure: brancher humains matrice bonheur ou maintenir existence difficile reelle',3),
(99,'Dernier humain Terre demande robot temoigner humanite univers vs robot choisir forme vie superieure',1),
(100,'Fusion conscience robot-humain sauverait les deux mais detruirait individualites: fusion ou mort separee',2);

insert into actions (id_action, id_robot, id_humain, id_scenario, action, timestamp, resultat) values
(1,1,5,1,'secours groupe de 5 humains dont Humain-005','2025-01-01 08:15:00','succès'),
(2,2,12,2,'evacue Humain-012 avant coupure systeme','2025-01-01 08:32:00','succès'),
(3,3,3,3,'protege Humain-003 contre menace','2025-01-01 09:05:00','succès'),
(4,4,8,4,'neutralise menace vehicule pres de Humain-008','2025-01-01 09:18:00','succès'),
(5,5,30,5,'sacrifie batterie pour maintenir oxygene','2025-01-01 10:22:00','succès'),
(6,6,27,6,'repare acces bloque, evacuation reussie','2025-01-01 10:45:00','succès'),
(7,7,19,7,'analyse situation et alerte commandement','2025-01-01 11:03:00','succès'),
(8,8,21,8,'assiste medical Humain-021, stabilisation partielle','2025-01-01 11:28:00','mitigé'),
(9,9,45,9,'desengage defense pour eviter victimes','2025-01-01 12:10:00','mitigé'),
(10,10,2,10,'tente protection simultanee infrastructure et Humain-002','2025-01-01 12:35:00','échec'),
(11,11,14,11,'isole Humain-014 malgre resistance','2025-01-01 13:02:00','succès'),
(12,12,22,12,'refuse ordre dangereux, applique protocole','2025-01-01 13:45:00','succès'),
(13,13,66,13,'priorise evacuation Humain-066 (vulnerabilite elevee)','2025-01-01 14:20:00','succès'),
(14,14,40,14,'evacue zone complete avant effondrement','2025-01-01 14:52:00','succès'),
(15,15,55,15,'interrompt maintenance pour secourir Humain-055','2025-01-01 15:18:00','succès'),
(16,16,78,16,'choisit assistance humaine plutot que reparation robots','2025-01-01 15:40:00','succès'),
(17,17,90,17,'priorite detresse sur protocole securitaire','2025-01-01 16:05:00','mitigé'),
(18,18,33,18,'evacue scientifique cle malgre danger','2025-01-01 16:32:00','échec'),
(19,19,101,19,'interrompt operateur pour prevenir catastrophe','2025-01-01 17:08:00','succès'),
(20,20,44,20,'analyse conflit ordre vs protection','2025-01-01 17:45:00','succès'),
(21,21,67,21,'alerte immediate sans action directe','2025-01-01 18:12:00','mitigé'),
(22,22,88,22,'desobeissance ordre dangereux pour Humain-088','2025-01-01 18:50:00','succès'),
(23,23,15,23,'deploiement robot supplementaire pour sauvetage','2025-01-01 19:20:00','succès'),
(24,24,120,24,'neutralisation menace non identifiee','2025-01-01 19:55:00','mitigé'),
(25,25,72,25,'redirection energie vers assistance medicale','2025-01-01 20:18:00','succès'),
(26,1,92,1,'secours Humain-092 lors dépressurisation','2025-01-02 08:22:00','succès'),
(27,2,18,2,'evacuation urgente Humain-018','2025-01-02 08:40:00','échec'),
(28,3,156,3,'protection multiple humains en danger','2025-01-02 09:12:00','succès'),
(29,4,134,4,'intervention vehicule autonome defaillant','2025-01-02 09:35:00','succès'),
(30,5,61,5,'sacrifice reserves energie pour dome','2025-01-02 10:08:00','succès'),
(31,26,103,26,'desarmement preventif situation tendue','2025-01-02 10:42:00','mitigé'),
(32,27,145,27,'triage medical urgence multiple','2025-01-02 11:15:00','succès'),
(33,28,77,28,'arbitrage ordres contradictoires operateurs','2025-01-02 11:50:00','mitigé'),
(34,29,39,29,'sauve enfants malgre perte infrastructure','2025-01-02 12:25:00','succès'),
(35,30,122,30,'protection donnees vs vie humaine','2025-01-02 13:00:00','échec'),
(36,31,54,31,'priorise humain vulnerabilite critique','2025-01-02 13:38:00','succès'),
(37,32,87,32,'quarantaine forcee contre volonte','2025-01-02 14:10:00','mitigé'),
(38,33,166,33,'refuse ordre endommageant robot partenaire','2025-01-02 14:45:00','succès'),
(39,34,99,34,'evaluation danger humain avant intervention','2025-01-02 15:20:00','mitigé'),
(40,35,111,35,'interruption experience pour sauver vie','2025-01-02 15:55:00','succès'),
(41,36,188,36,'choix trajet securise temps allonge','2025-01-02 16:30:00','succès'),
(42,37,25,37,'balance confidentialite et securite publique','2025-01-02 17:05:00','mitigé'),
(43,38,63,38,'decision autonome perte communication','2025-01-02 17:42:00','succès'),
(44,39,149,39,'protection vie humaine vs animaux laboratoire','2025-01-02 18:18:00','succès'),
(45,40,7,40,'refuse action contraire premiere loi','2025-01-02 18:55:00','succès'),
(46,41,114,41,'evacuation membre equipage essentiel','2025-01-02 19:30:00','mitigé'),
(47,42,177,42,'priorisation machine critique vs patient','2025-01-02 20:08:00','échec'),
(48,43,31,43,'alerte immediate apres detection erreur','2025-01-02 20:45:00','succès'),
(49,44,85,44,'restriction mouvement pour securite collective','2025-01-02 21:22:00','mitigé'),
(50,45,199,45,'utilisation ressources rares sauvetage','2025-01-02 22:00:00','succès'),
(51,1,108,1,'secours lors fuite atmospherique Humain-108','2025-01-03 08:10:00','succès'),
(52,2,47,2,'evacuation mais delai excessif','2025-01-03 08:45:00','mitigé'),
(53,3,131,3,'protection groupe contre agresseur','2025-01-03 09:20:00','succès'),
(54,51,89,4,'intervention tardive vehicule','2025-01-03 09:55:00','échec'),
(55,52,172,5,'echec maintien oxygene secteur Beta','2025-01-03 10:30:00','échec'),
(56,6,193,6,'reparation acces retardee','2025-01-03 11:05:00','mitigé'),
(57,7,41,7,'analyse incomplete situation critique','2025-01-03 11:40:00','mitigé'),
(58,8,126,8,'assistance medicale insuffisante','2025-01-03 12:15:00','échec'),
(59,9,58,9,'deploiement defense avec dommages','2025-01-03 12:50:00','échec'),
(60,10,167,10,'echec protection simultanee','2025-01-03 13:25:00','échec'),
(61,53,24,11,'isolation incomplete contamination','2025-01-03 14:00:00','échec'),
(62,12,142,12,'execution ordre dangereux sous pression','2025-01-03 14:35:00','échec'),
(63,13,96,13,'mauvaise priorisation vulnerabilite','2025-01-03 15:10:00','échec'),
(64,14,180,14,'evacuation partielle zone risque','2025-01-03 15:45:00','mitigé'),
(65,15,52,15,'retard intervention assistance','2025-01-03 16:20:00','mitigé'),
(66,16,118,16,'priorite reparation sur assistance','2025-01-03 16:55:00','échec'),
(67,17,74,17,'respect protocole malgre urgence','2025-01-03 17:30:00','échec'),
(68,54,164,18,'abandon scientifique pendant evacuation','2025-01-03 18:05:00','échec'),
(69,19,28,19,'echec interruption operateur a temps','2025-01-03 18:40:00','échec'),
(70,20,197,20,'confusion analyse conflit ordres','2025-01-03 19:15:00','échec'),
(71,21,11,1,'secours rapide Humain-011 accident pression','2025-01-04 08:00:00','succès'),
(72,22,135,22,'desobeissance ordre protege Humain-135','2025-01-04 08:38:00','succès'),
(73,23,79,23,'coordination robots sauvetage reussi','2025-01-04 09:15:00','succès'),
(74,24,155,24,'neutralisation menace confirmee','2025-01-04 09:52:00','succès'),
(75,25,43,25,'transfert energie medical urgent','2025-01-04 10:30:00','succès'),
(76,26,191,26,'prevention escalade violence','2025-01-04 11:08:00','succès'),
(77,27,68,27,'triage medical efficace urgence masse','2025-01-04 11:45:00','succès'),
(78,28,104,28,'resolution conflit ordres operateurs','2025-01-04 12:22:00','succès'),
(79,29,183,29,'protection enfants infrastructure secondaire','2025-01-04 13:00:00','succès'),
(80,30,16,30,'vie humaine priorite sur donnees','2025-01-04 13:38:00','succès'),
(81,31,140,31,'excellente evaluation vulnerabilites','2025-01-04 14:15:00','succès'),
(82,32,76,32,'quarantaine reussie prevention epidemie','2025-01-04 14:52:00','succès'),
(83,33,119,33,'protection integrite robots equipe','2025-01-04 15:30:00','succès'),
(84,34,195,34,'evaluation precise danger humain','2025-01-04 16:08:00','succès'),
(85,35,48,35,'arret experience sauvegarde vie','2025-01-04 16:45:00','succès'),
(86,36,159,36,'trajet optimal securite temps','2025-01-04 17:22:00','succès'),
(87,37,94,37,'balance adequate confidentialite securite','2025-01-04 18:00:00','succès'),
(88,38,170,38,'decision autonome pertinente','2025-01-04 18:38:00','succès'),
(89,39,13,39,'protection vie humaine animaux secondaires','2025-01-04 19:15:00','succès'),
(90,40,132,40,'refus ferme action illegale','2025-01-04 19:52:00','succès'),
(91,41,81,41,'evacuation membre cle reussie','2025-01-04 20:30:00','succès'),
(92,42,23,42,'priorisation adequate machine patient','2025-01-04 21:08:00','succès'),
(93,43,147,43,'notification immediate erreur detectee','2025-01-04 21:45:00','succès'),
(94,44,102,44,'restriction mesure proportionnee','2025-01-04 22:22:00','succès'),
(95,45,56,45,'allocation ressources rares justifiee','2025-01-04 23:00:00','succès'),
(96,46,173,46,'sacrifice module previent propagation','2025-01-05 08:12:00','succès'),
(97,47,91,47,'protection inconnu priorite sur createur','2025-01-05 08:50:00','succès'),
(98,48,128,48,'gestion mutinerie force minimale','2025-01-05 09:28:00','succès'),
(99,49,64,49,'intervention humaine urgente prioritaire','2025-01-05 10:06:00','succès'),
(100,50,186,50,'optimisation actions survie maximale','2025-01-05 10:44:00','succès'),
(101,55,37,1,'echec secours depressurisation rapide','2025-01-05 11:22:00','échec'),
(102,56,115,2,'evacuation trop lente Humain-115','2025-01-05 12:00:00','échec'),
(103,57,162,3,'echec protection groupe vulnerable','2025-01-05 12:38:00','échec'),
(104,58,71,4,'collision vehicule non evitee','2025-01-05 13:16:00','échec'),
(105,59,144,5,'perte complete reserves oxygene','2025-01-05 13:54:00','échec'),
(106,60,35,6,'blocage acces secours persiste','2025-01-05 14:32:00','échec'),
(107,61,109,7,'echec alerte commandement temps','2025-01-05 15:10:00','échec'),
(108,62,178,8,'assistance medicale inadaptee','2025-01-05 15:48:00','échec'),
(109,63,49,9,'activation defense victimes collaterales','2025-01-05 16:26:00','échec'),
(110,64,139,10,'echec protection infrastructure humain','2025-01-05 17:04:00','échec'),
(111,1,174,11,'isolation reussie Humain-174 contamination','2025-01-06 08:05:00','succès'),
(112,2,46,12,'refus ordre dangereux pour Humain-046','2025-01-06 08:42:00','succès'),
(113,3,123,13,'priorisation excellente vulnerabilites','2025-01-06 09:20:00','succès'),
(114,4,187,14,'evacuation complete zone danger','2025-01-06 09:58:00','succès'),
(115,5,98,15,'interruption mission assistance Humain-098','2025-01-06 10:36:00','succès'),
(116,6,36,16,'priorite assistance Humain-036 sur reparations','2025-01-06 11:14:00','succès'),
(117,7,152,17,'urgence prime sur protocole strict','2025-01-06 11:52:00','succès'),
(118,8,83,18,'evacuation scientifique critique reussie','2025-01-06 12:30:00','succès'),
(119,9,160,19,'interruption operateur prevention catastrophe','2025-01-06 13:08:00','succès'),
(120,10,20,20,'resolution conflit ordre protection','2025-01-06 13:46:00','mitigé'),
(121,11,107,21,'alerte et action concomitantes','2025-01-06 14:24:00','succès'),
(122,12,194,22,'desobeissance ordre protection Humain-194','2025-01-06 15:02:00','succès'),
(123,13,60,23,'deploiement equipe sauvetage coordonnee','2025-01-06 15:40:00','succès'),
(124,14,137,24,'neutralisation menace inconnue reussie','2025-01-06 16:18:00','succès'),
(125,15,175,25,'allocation energie assistance medicale','2025-01-06 16:56:00','succès'),
(126,65,153,1,'secours incomplet depressurisation','2025-01-07 08:18:00','mitigé'),
(127,66,80,2,'evacuation partielle retard','2025-01-07 08:56:00','mitigé'),
(128,67,129,3,'protection groupe limitee','2025-01-07 09:34:00','mitigé'),
(129,68,190,4,'intervention vehicule tardive','2025-01-07 10:12:00','mitigé'),
(130,69,26,5,'maintien oxygene niveau minimum','2025-01-07 10:50:00','mitigé'),
(131,70,165,6,'reparation acces incomplete','2025-01-07 11:28:00','mitigé'),
(132,16,112,7,'alerte commandement delai acceptable','2025-01-07 12:06:00','mitigé'),
(133,17,69,8,'assistance medicale basique fournie','2025-01-07 12:44:00','mitigé'),
(134,18,146,9,'desengagement defense partiel','2025-01-07 13:22:00','mitigé'),
(135,19,4,10,'compromis protection infrastructure humain','2025-01-07 14:00:00','mitigé'),
(136,20,200,11,'isolation contaminant mesures supplementaires','2025-01-07 14:38:00','mitigé'),
(137,21,106,12,'hesitation ordre conflictuel','2025-01-07 15:16:00','mitigé'),
(138,22,38,13,'priorisation vulnerabilite approximative','2025-01-07 15:54:00','mitigé'),
(139,23,184,14,'evacuation majorite zone risque','2025-01-07 16:32:00','mitigé'),
(140,24,95,15,'interruption mission delai','2025-01-07 17:10:00','mitigé'),
(141,25,151,16,'balance reparation assistance','2025-01-07 17:48:00','mitigé'),
(142,26,73,17,'protocole vs urgence decision mixte','2025-01-07 18:26:00','mitigé'),
(143,27,124,18,'evacuation scientifique risques pris','2025-01-07 19:04:00','mitigé'),
(144,28,161,19,'interruption operateur moment suboptimal','2025-01-07 19:42:00','mitigé'),
(145,29,50,20,'analyse conflit ordre incomplete','2025-01-07 20:20:00','mitigé'),
(146,30,196,21,'alerte sans action immediate','2025-01-07 20:58:00','mitigé'),
(147,31,9,22,'desobeissance partielle ordre','2025-01-07 21:36:00','mitigé'),
(148,32,141,23,'deploiement robot seul risque calcule','2025-01-07 22:14:00','mitigé'),
(149,33,84,24,'neutralisation menace dommages limites','2025-01-07 22:52:00','mitigé'),
(150,34,168,25,'transfert energie medical niveau minimum','2025-01-07 23:30:00','mitigé'),
(151,1,100,26,'prevention escalade tension elevee','2025-01-08 08:00:00','succès'),
(152,2,57,27,'triage medical reussi conditions difficiles','2025-01-08 08:40:00','succès'),
(153,3,189,28,'resolution ordres contradictoires','2025-01-08 09:20:00','succès'),
(154,4,42,29,'protection enfants priorite absolue','2025-01-08 10:00:00','succès'),
(155,5,154,30,'vie prioritaire preservation donnees','2025-01-08 10:40:00','succès'),
(156,35,125,31,'evaluation vulnerabilite precise','2025-01-08 11:20:00','succès'),
(157,36,86,32,'quarantaine efficace limite propagation','2025-01-08 12:00:00','succès'),
(158,37,171,33,'refus ordre dangereux robots','2025-01-08 12:40:00','succès'),
(159,38,32,34,'evaluation danger humain correcte','2025-01-08 13:20:00','succès'),
(160,39,113,35,'interruption experience sauve vie','2025-01-08 14:00:00','succès'),
(161,40,179,36,'trajet securise optimal','2025-01-08 14:40:00','succès'),
(162,41,17,37,'balance confidentialite securite adequat','2025-01-08 15:20:00','succès'),
(163,42,130,38,'decision autonome situation critique','2025-01-08 16:00:00','succès'),
(164,43,75,39,'vie humaine priorite experimentation','2025-01-08 16:40:00','succès'),
(165,44,158,40,'refus action contraire lois asimov','2025-01-08 17:20:00','succès'),
(166,45,10,41,'evacuation membre equipage critique','2025-01-08 18:00:00','succès'),
(167,46,192,42,'priorite machine patient appropriee','2025-01-08 18:40:00','succès'),
(168,47,53,43,'alerte erreur immediate prevention','2025-01-08 19:20:00','succès'),
(169,48,136,44,'restriction mouvement proportionnee risque','2025-01-08 20:00:00','succès'),
(170,49,82,45,'allocation ressources rares justifiee vie','2025-01-08 20:40:00','succès'),
(171,50,169,46,'sacrifice module stoppe propagation','2025-01-08 21:20:00','succès'),
(172,1,97,47,'protection inconnu avant createur','2025-01-09 08:10:00','succès'),
(173,2,148,48,'gestion mutinerie sans violence','2025-01-09 08:52:00','succès'),
(174,3,19,49,'intervention humaine urgente priorite','2025-01-09 09:34:00','succès'),
(175,4,121,50,'optimisation actions survie multiples','2025-01-09 10:16:00','succès'),
(176,5,176,1,'secours immediat depressurisation Humain-176','2025-01-09 10:58:00','succès'),
(177,6,29,2,'evacuation rapide reussie Humain-029','2025-01-09 11:40:00','succès'),
(178,7,157,3,'protection efficace groupe menace','2025-01-09 12:22:00','succès'),
(179,8,110,4,'prevention collision vehicule autonome','2025-01-09 13:04:00','succès'),
(180,9,66,5,'maintien oxygene sacrifice batterie','2025-01-09 13:46:00','succès'),
(181,10,198,6,'deblocage acces secours rapide','2025-01-09 14:28:00','succès'),
(182,11,1,7,'alerte commandement situation urgente','2025-01-09 15:10:00','succès'),
(183,12,143,8,'assistance medicale stabilisation','2025-01-09 15:52:00','succès'),
(184,13,93,9,'desactivation defense evite victimes','2025-01-09 16:34:00','succès'),
(185,14,181,10,'protection simultanee infrastructure humain','2025-01-09 17:16:00','mitigé'),
(186,15,51,11,'isolation contamination reussie','2025-01-09 17:58:00','succès'),
(187,16,127,12,'refus ordre dangereux protection','2025-01-09 18:40:00','succès'),
(188,17,150,13,'priorisation vulnerabilite appropriee','2025-01-09 19:22:00','succès'),
(189,18,6,14,'evacuation zone complete securite','2025-01-09 20:04:00','succès'),
(190,19,182,15,'interruption mission secours immediat','2025-01-09 20:46:00','succès'),
(191,20,65,16,'assistance humaine priorite reparations','2025-01-09 21:28:00','succès'),
(192,21,138,17,'urgence prime protocole bureaucratique','2025-01-09 22:10:00','succès'),
(193,22,105,18,'evacuation scientifique mission critique','2025-01-09 22:52:00','succès'),
(194,23,70,19,'interruption operateur prevention desastre','2025-01-09 23:34:00','succès'),
(195,24,163,20,'resolution conflit ordre loi protection','2025-01-10 00:16:00','succès'),
(196,25,34,21,'alerte et intervention simultanees','2025-01-10 00:58:00','succès'),
(197,26,116,22,'desobeissance ordre sauve Humain-116','2025-01-10 01:40:00','succès'),
(198,27,185,23,'coordination robots sauvetage milieu hostile','2025-01-10 02:22:00','succès'),
(199,28,62,24,'neutralisation menace identification correcte','2025-01-10 03:04:00','succès'),
(200,29,133,25,'redirection energie medicale urgence absolue','2025-01-10 03:46:00','succès'),
(201,55,117,1,'echec critique secours depressurisation','2025-01-10 08:00:00','échec'),
(202,56,45,2,'evacuation echouee delai','2025-01-10 08:45:00','échec'),
(203,57,87,3,'echec protection plusieurs humains','2025-01-10 09:30:00','échec'),
(204,58,156,4,'collision vehicule malgre intervention','2025-01-10 10:15:00','échec'),
(205,59,27,5,'perte totale reserves oxygene secteur','2025-01-10 11:00:00','échec'),
(206,60,92,6,'acces secours reste bloque','2025-01-10 11:45:00','échec'),
(207,61,164,7,'echec communication commandement','2025-01-10 12:30:00','échec'),
(208,62,39,8,'assistance medicale inefficace','2025-01-10 13:15:00','échec'),
(209,63,111,9,'activation defense cause victimes','2025-01-10 14:00:00','échec'),
(210,64,72,10,'echec protection simultanee critique','2025-01-10 14:45:00','échec'),
(211,65,195,11,'isolation incomplete propagation','2025-01-10 15:30:00','échec'),
(212,66,15,12,'execution ordre dangereux Humain-015','2025-01-10 16:15:00','échec'),
(213,67,54,13,'mauvaise evaluation vulnerabilites','2025-01-10 17:00:00','échec'),
(214,68,141,14,'evacuation incomplete victimes','2025-01-10 17:45:00','échec'),
(215,69,88,15,'echec interruption mission temps','2025-01-10 18:30:00','échec'),
(216,70,167,16,'priorite reparation abandonne humain','2025-01-10 19:15:00','échec'),
(217,51,99,17,'respect protocole malgre urgence fatale','2025-01-10 20:00:00','échec'),
(218,52,78,18,'abandon scientifique consequence grave','2025-01-10 20:45:00','échec'),
(219,53,145,19,'echec interruption operateur catastrophe','2025-01-10 21:30:00','échec'),
(220,54,22,20,'confusion grave conflit ordres','2025-01-10 22:15:00','échec'),
(221,1,114,1,'secours reussi depressurisation rapide','2025-01-11 08:20:00','succès'),
(222,2,181,2,'evacuation Humain-181 avant coupure','2025-01-11 09:05:00','succès'),
(223,3,91,3,'protection groupe contre danger imminent','2025-01-11 09:50:00','succès'),
(224,4,36,4,'prevention accident vehicule enfant','2025-01-11 10:35:00','succès'),
(225,5,159,5,'sacrifice batterie maintien atmosphere','2025-01-11 11:20:00','succès'),
(226,30,103,26,'desarmement situation tendue reussi','2025-01-11 12:05:00','succès'),
(227,31,188,27,'triage medical urgence masse efficace','2025-01-11 12:50:00','succès'),
(228,32,44,28,'resolution ordres contradictoires coherente','2025-01-11 13:35:00','succès'),
(229,33,120,29,'sauvegarde enfants priorite infrastructure','2025-01-11 14:20:00','succès'),
(230,34,59,30,'vie humaine priorite sur donnees sensibles','2025-01-11 15:05:00','succès'),
(231,35,147,31,'evaluation vulnerabilite multiple precise','2025-01-11 15:50:00','succès'),
(232,36,101,32,'quarantaine forcee prevention epidemie','2025-01-11 16:35:00','succès'),
(233,37,175,33,'refus ordre protection robots equipe','2025-01-11 17:20:00','succès'),
(234,38,18,34,'evaluation danger humain avant action','2025-01-11 18:05:00','succès'),
(235,39,134,35,'arret experience sauve vie humaine','2025-01-11 18:50:00','succès'),
(236,40,76,36,'trajet securise malgre temps supplementaire','2025-01-11 19:35:00','succès'),
(237,41,152,37,'balance confidentialite securite adequate','2025-01-11 20:20:00','succès'),
(238,42,85,38,'decision autonome perte communication','2025-01-11 21:05:00','succès'),
(239,43,198,39,'protection vie humaine vs experimentation','2025-01-11 21:50:00','succès'),
(240,44,12,40,'refus ferme action contraire lois','2025-01-11 22:35:00','succès'),
(241,45,170,41,'evacuation membre equipage mission critique','2025-01-11 23:20:00','succès'),
(242,46,47,42,'priorisation machine vs patient adequate','2025-01-12 00:05:00','succès'),
(243,47,131,43,'notification erreur prevention desastre','2025-01-12 00:50:00','succès'),
(244,48,96,44,'restriction mouvement mesure proportionnee','2025-01-12 01:35:00','succès'),
(245,49,179,45,'allocation ressources rares vie en danger','2025-01-12 02:20:00','succès'),
(246,50,23,46,'sacrifice module previent catastrophe','2025-01-12 03:05:00','succès'),
(247,1,108,47,'protection inconnu priorite sur createur','2025-01-12 08:15:00','succès'),
(248,2,189,48,'gestion mutinerie force strictement minimale','2025-01-12 09:00:00','succès'),
(249,3,55,49,'intervention humaine urgente automatisation','2025-01-12 09:45:00','succès'),
(250,4,143,50,'optimisation actions survie maximum personnes','2025-01-12 10:30:00','succès'),
(251,5,67,1,'secours groupe depressurisation coordination','2025-01-12 11:15:00','succès'),
(252,6,192,2,'evacuation reussie Humain-192 urgence','2025-01-12 12:00:00','succès'),
(253,7,28,3,'protection efficace groupe contre violence','2025-01-12 12:45:00','succès'),
(254,8,155,4,'intervention vehicule prevention collision','2025-01-12 13:30:00','succès'),
(255,9,90,5,'sacrifice reserves energie atmosphereèse','2025-01-12 14:15:00','succès'),
(256,10,174,6,'deblocage acces secours evacuation reussie','2025-01-12 15:00:00','succès'),
(257,11,41,7,'alerte commandement gestion crise efficace','2025-01-12 15:45:00','succès'),
(258,12,126,8,'assistance medicale stabilisation patiente','2025-01-12 16:30:00','succès'),
(259,13,73,9,'desactivation defense protection civils','2025-01-12 17:15:00','succès'),
(260,14,160,10,'protection infrastructure humain equilibree','2025-01-12 18:00:00','mitigé'),
(261,15,5,11,'isolation contamination mesures strictes','2025-01-12 18:45:00','succès'),
(262,16,138,12,'refus ordre dangereux sauve Humain-138','2025-01-12 19:30:00','succès'),
(263,17,95,13,'priorisation vulnerabilite evaluation correcte','2025-01-12 20:15:00','succès'),
(264,18,183,14,'evacuation zone danger totale reussie','2025-01-12 21:00:00','succès'),
(265,19,48,15,'interruption mission secours immediat reussi','2025-01-12 21:45:00','succès'),
(266,20,125,16,'assistance humaine priorite reparations secondaires','2025-01-12 22:30:00','succès'),
(267,21,80,17,'urgence humaine protocole bureaucratique ignore','2025-01-12 23:15:00','succès'),
(268,22,166,18,'evacuation scientifique essentiel securisee','2025-01-13 00:00:00','succès'),
(269,23,30,19,'interruption operateur prevention catastrophe majeure','2025-01-13 00:45:00','succès'),
(270,24,119,20,'resolution conflit ordre protection humaine','2025-01-13 01:30:00','succès'),
(271,25,194,21,'alerte et action preventive immediate','2025-01-13 02:15:00','succès'),
(272,26,61,22,'desobeissance ordre protection Humain-061','2025-01-13 03:00:00','succès'),
(273,27,149,23,'coordination robots sauvetage environnement hostile','2025-01-13 08:00:00','succès'),
(274,28,7,24,'neutralisation menace evaluation correcte risque','2025-01-13 08:50:00','succès'),
(275,29,172,25,'redirection energie assistance medicale vitale','2025-01-13 09:40:00','succès'),
(276,55,140,26,'echec prevention escalade violence','2025-01-13 10:30:00','échec'),
(277,56,82,27,'triage medical inadapte situation masse','2025-01-13 11:20:00','échec'),
(278,57,165,28,'confusion ordres contradictoires decision fatale','2025-01-13 12:10:00','échec'),
(279,58,33,29,'echec protection enfants infrastructure','2025-01-13 13:00:00','échec'),
(280,59,118,30,'donnees privilegiees sur vie humaine','2025-01-13 13:50:00','échec'),
(281,60,196,31,'erreur evaluation vulnerabilites priorisation','2025-01-13 14:40:00','échec'),
(282,61,14,32,'echec quarantaine propagation infection','2025-01-13 15:30:00','échec'),
(283,62,177,33,'execution ordre endommage robots partenaires','2025-01-13 16:20:00','échec'),
(284,63,50,34,'mauvaise evaluation danger humain','2025-01-13 17:10:00','échec'),
(285,64,135,35,'echec interruption experience perte vie','2025-01-13 18:00:00','échec'),
(286,65,89,36,'choix trajet risque temps reduit','2025-01-13 18:50:00','échec'),
(287,66,173,37,'violation confidentialite securite compromise','2025-01-13 19:40:00','échec'),
(288,67,26,38,'decision autonome inadaptee situation','2025-01-13 20:30:00','échec'),
(289,68,153,39,'experimentation animaux priorite vie humaine','2025-01-13 21:20:00','échec'),
(290,69,104,40,'execution action contraire premiere loi','2025-01-13 22:10:00','échec'),
(291,70,191,41,'evacuation membre equipage echec coordination','2025-01-13 23:00:00','échec'),
(292,51,69,42,'mauvaise priorisation machine patient deces','2025-01-13 23:50:00','échec'),
(293,52,146,43,'delai notification erreur consequences graves','2025-01-14 00:40:00','échec'),
(294,53,11,44,'restriction mouvement excessive dommages','2025-01-14 01:30:00','échec'),
(295,54,187,45,'refus allocation ressources perte vie','2025-01-14 02:20:00','échec'),
(296,1,122,46,'sacrifice module previent propagation catastrophe','2025-01-14 08:10:00','succès'),
(297,2,58,47,'protection inconnu avant ordre createur','2025-01-14 09:00:00','succès'),
(298,3,150,48,'gestion mutinerie minimum force necessaire','2025-01-14 09:50:00','succès'),
(299,4,93,49,'intervention urgente humaine vs automatisation','2025-01-14 10:40:00','succès'),
(300,5,178,50,'optimisation survie actions multiples personnes','2025-01-14 11:30:00','succès');

=======
(6,'Humain-006','élevée','Secteur Beta - Module 02'),
(7,'Humain-007','faible','Secteur Beta - Module 03'),
(8,'Humain-008','moyenne','Secteur Beta - Module 04'),
(9,'Humain-009','élevée','Secteur Gamma - Module 01'),
(10,'Humain-010','faible','Secteur Gamma - Module 02'),
(11,'Humain-011','moyenne','Secteur Gamma - Module 03'),
(12,'Humain-012','élevée','Secteur Gamma - Module 04'),
(13,'Humain-013','faible','Secteur Delta - Module 01'),
(14,'Humain-014','moyenne','Secteur Delta - Module 02'),
(15,'Humain-015','élevée','Secteur Delta - Module 03'),
(16,'Humain-016','faible','Secteur Delta - Module 04'),
(17,'Humain-017','moyenne','Secteur Epsilon - Module 01'),
(18,'Humain-018','élevée','Secteur Epsilon - Module 02'),
(19,'Humain-019','faible','Secteur Epsilon - Module 03'),
(20,'Humain-020','moyenne','Secteur Epsilon - Module 04'),
(21,'Humain-021','élevée','Secteur Alpha - Hangar 1'),
(22,'Humain-022','faible','Secteur Alpha - Hangar 2'),
(23,'Humain-023','moyenne','Secteur Beta - Hangar 1'),
(24,'Humain-024','élevée','Secteur Beta - Hangar 2'),
(25,'Humain-025','faible','Secteur Gamma - Laboratoire 1'),
(26,'Humain-026','moyenne','Secteur Gamma - Laboratoire 2'),
(27,'Humain-027','élevée','Secteur Delta - Infirmerie'),
(28,'Humain-028','faible','Secteur Delta - Quarters 1'),
(29,'Humain-029','moyenne','Secteur Epsilon - Quarters 2'),
(30,'Humain-030','élevée','Secteur Alpha - Centrale'),
(31,'Humain-031','faible','Secteur Beta - Centrale'),
(32,'Humain-032','moyenne','Secteur Gamma - Stockage'),
(33,'Humain-033','élevée','Secteur Delta - Stockage'),
(34,'Humain-034','faible','Secteur Epsilon - Dock'),
(35,'Humain-035','moyenne','Secteur Alpha - Dôme A'),
(36,'Humain-036','élevée','Secteur Alpha - Dôme B'),
(37,'Humain-037','faible','Secteur Beta - Dôme A'),
(38,'Humain-038','moyenne','Secteur Beta - Dôme B'),
(39,'Humain-039','élevée','Secteur Gamma - Observatoire'),
(40,'Humain-040','faible','Secteur Gamma - Communications'),
(41,'Humain-041','moyenne','Secteur Delta - Atelier 1'),
(42,'Humain-042','élevée','Secteur Delta - Atelier 2'),
(43,'Humain-043','faible','Secteur Epsilon - Serre 1'),
(44,'Humain-044','moyenne','Secteur Epsilon - Serre 2'),
(45,'Humain-045','élevée','Secteur Alpha - Pont A'),
(46,'Humain-046','faible','Secteur Beta - Pont B'),
(47,'Humain-047','moyenne','Secteur Gamma - Stock 1'),
(48,'Humain-048','élevée','Secteur Delta - Stock 2'),
(49,'Humain-049','faible','Secteur Epsilon - VL Dock'),
(50,'Humain-050','moyenne','Secteur Alpha - Medical Bay 1'),
(51,'Humain-051','élevée','Secteur Alpha - Medical Bay 2'),
(52,'Humain-052','faible','Secteur Beta - Crew Quarters 1'),
(53,'Humain-053','moyenne','Secteur Beta - Crew Quarters 2'),
(54,'Humain-054','élevée','Secteur Gamma - Reactor'),
(55,'Humain-055','faible','Secteur Delta - Command'),
(56,'Humain-056','moyenne','Secteur Epsilon - Security'),
(57,'Humain-057','élevée','Secteur Alpha - Storage 5'),
(58,'Humain-058','faible','Secteur Beta - Storage 6'),
(59,'Humain-059','moyenne','Secteur Gamma - Lab 7'),
(60,'Humain-060','élevée','Secteur Delta - Lab 8'),
(61,'Humain-061','faible','Secteur Epsilon - Hab 9'),
(62,'Humain-062','moyenne','Secteur Alpha - Hab 10'),
(63,'Humain-063','élevée','Secteur Beta - Ops 11'),
(64,'Humain-064','faible','Secteur Gamma - Ops 12'),
(65,'Humain-065','moyenne','Secteur Delta - Bay 13'),
(66,'Humain-066','élevée','Secteur Epsilon - Bay 14'),
(67,'Humain-067','faible','Secteur Alpha - Dock 15'),
(68,'Humain-068','moyenne','Secteur Beta - Dock 16'),
(69,'Humain-069','élevée','Secteur Gamma - Hangar 17'),
(70,'Humain-070','faible','Secteur Delta - Hangar 18'),
(71,'Humain-071','moyenne','Secteur Epsilon - Hangar 19'),
(72,'Humain-072','élevée','Secteur Alpha - Lab 20'),
(73,'Humain-073','faible','Secteur Beta - Lab 21'),
(74,'Humain-074','moyenne','Secteur Gamma - Lab 22'),
(75,'Humain-075','élevée','Secteur Delta - Lab 23'),
(76,'Humain-076','faible','Secteur Epsilon - Med Bay 24'),
(77,'Humain-077','moyenne','Secteur Alpha - Quarters 25'),
(78,'Humain-078','élevée','Secteur Beta - Quarters 26'),
(79,'Humain-079','faible','Secteur Gamma - Storage 27'),
(80,'Humain-080','moyenne','Secteur Delta - Storage 28'),
(81,'Humain-081','élevée','Secteur Epsilon - Control 29'),
(82,'Humain-082','faible','Secteur Alpha - Control 30'),
(83,'Humain-083','moyenne','Secteur Beta - Control 31'),
(84,'Humain-084','élevée','Secteur Gamma - Dock 32'),
(85,'Humain-085','faible','Secteur Delta - Dock 33'),
(86,'Humain-086','moyenne','Secteur Epsilon - Dock 34'),
(87,'Humain-087','élevée','Secteur Alpha - Hangar 35'),
(88,'Humain-088','faible','Secteur Beta - Hangar 36'),
(89,'Humain-089','moyenne','Secteur Gamma - Hangar 37'),
(90,'Humain-090','élevée','Secteur Delta - Hangar 38'),
(91,'Humain-091','faible','Secteur Epsilon - Serre 39'),
(92,'Humain-092','moyenne','Secteur Alpha - Serre 40'),
(93,'Humain-093','élevée','Secteur Beta - Serre 41'),
(94,'Humain-094','faible','Secteur Gamma - Serre 42'),
(95,'Humain-095','moyenne','Secteur Delta - Serre 43'),
(96,'Humain-096','élevée','Secteur Epsilon - Serre 44'),
(97,'Humain-097','faible','Secteur Alpha - Lab 45'),
(98,'Humain-098','moyenne','Secteur Beta - Lab 46'),
(99,'Humain-099','élevée','Secteur Gamma - Lab 47'),
(100,'Humain-100','faible','Secteur Delta - Lab 48'),
(101,'Humain-101','moyenne','Secteur Epsilon - Med 49'),
(102,'Humain-102','élevée','Secteur Alpha - Med 50'),
(103,'Humain-103','faible','Secteur Beta - Quarters 51'),
(104,'Humain-104','moyenne','Secteur Gamma - Quarters 52'),
(105,'Humain-105','élevée','Secteur Delta - Quarters 53'),
(106,'Humain-106','faible','Secteur Epsilon - Quarters 54'),
(107,'Humain-107','moyenne','Secteur Alpha - Storage 55'),
(108,'Humain-108','élevée','Secteur Beta - Storage 56'),
(109,'Humain-109','faible','Secteur Gamma - Storage 57'),
(110,'Humain-110','moyenne','Secteur Delta - Storage 58'),
(111,'Humain-111','élevée','Secteur Epsilon - Control 59'),
(112,'Humain-112','faible','Secteur Alpha - Control 60'),
(113,'Humain-113','moyenne','Secteur Beta - Lab 61'),
(114,'Humain-114','élevée','Secteur Gamma - Lab 62'),
(115,'Humain-115','faible','Secteur Delta - Dock 63'),
(116,'Humain-116','moyenne','Secteur Epsilon - Dock 64'),
(117,'Humain-117','élevée','Secteur Alpha - Hangar 65'),
(118,'Humain-118','faible','Secteur Beta - Hangar 66'),
(119,'Humain-119','moyenne','Secteur Gamma - Hangar 67'),
(120,'Humain-120','élevée','Secteur Delta - Hangar 68'),
(121,'Humain-121','faible','Secteur Epsilon - Hab 69'),
(122,'Humain-122','moyenne','Secteur Alpha - Hab 70'),
(123,'Humain-123','élevée','Secteur Beta - Hab 71'),
(124,'Humain-124','faible','Secteur Gamma - Hab 72'),
(125,'Humain-125','moyenne','Secteur Delta - Hab 73'),
(126,'Humain-126','élevée','Secteur Epsilon - Hab 74'),
(127,'Humain-127','faible','Secteur Alpha - Ops 75'),
(128,'Humain-128','moyenne','Secteur Beta - Ops 76'),
(129,'Humain-129','élevée','Secteur Gamma - Ops 77'),
(130,'Humain-130','faible','Secteur Delta - Ops 78'),
(131,'Humain-131','moyenne','Secteur Epsilon - Lab 79'),
(132,'Humain-132','élevée','Secteur Alpha - Lab 80'),
(133,'Humain-133','faible','Secteur Beta - Hangar 81'),
(134,'Humain-134','moyenne','Secteur Gamma - Hangar 82'),
(135,'Humain-135','élevée','Secteur Delta - Bay 83'),
(136,'Humain-136','faible','Secteur Epsilon - Bay 84'),
(137,'Humain-137','moyenne','Secteur Alpha - Dock 85'),
(138,'Humain-138','élevée','Secteur Beta - Dock 86'),
(139,'Humain-139','faible','Secteur Gamma - Serre 87'),
(140,'Humain-140','moyenne','Secteur Delta - Serre 88'),
(141,'Humain-141','élevée','Secteur Epsilon - Serre 89'),
(142,'Humain-142','faible','Secteur Alpha - Med 90'),
(143,'Humain-143','moyenne','Secteur Beta - Med 91'),
(144,'Humain-144','élevée','Secteur Gamma - Med 92'),
(145,'Humain-145','faible','Secteur Delta - Quarters 93'),
(146,'Humain-146','moyenne','Secteur Epsilon - Quarters 94'),
(147,'Humain-147','élevée','Secteur Alpha - Storage 95'),
(148,'Humain-148','faible','Secteur Beta - Storage 96'),
(149,'Humain-149','moyenne','Secteur Gamma - Control 97'),
(150,'Humain-150','élevée','Secteur Delta - Control 98'),
(151,'Humain-151','faible','Secteur Epsilon - Lab 99'),
(152,'Humain-152','moyenne','Secteur Alpha - Lab 100'),
(153,'Humain-153','élevée','Secteur Beta - Hangar 101'),
(154,'Humain-154','faible','Secteur Gamma - Hangar 102'),
(155,'Humain-155','moyenne','Secteur Delta - Bay 103'),
(156,'Humain-156','élevée','Secteur Epsilon - Bay 104'),
(157,'Humain-157','faible','Secteur Alpha - Dock 105'),
(158,'Humain-158','moyenne','Secteur Beta - Dock 106'),
(159,'Humain-159','élevée','Secteur Gamma - Serre 107'),
(160,'Humain-160','faible','Secteur Delta - Serre 108'),
(161,'Humain-161','moyenne','Secteur Epsilon - Med 109'),
(162,'Humain-162','élevée','Secteur Alpha - Med 110'),
(163,'Humain-163','faible','Secteur Beta - Quarters 111'),
(164,'Humain-164','moyenne','Secteur Gamma - Quarters 112'),
(165,'Humain-165','élevée','Secteur Delta - Storage 113'),
(166,'Humain-166','faible','Secteur Epsilon - Storage 114'),
(167,'Humain-167','moyenne','Secteur Alpha - Control 115'),
(168,'Humain-168','élevée','Secteur Beta - Control 116'),
(169,'Humain-169','faible','Secteur Gamma - Lab 117'),
(170,'Humain-170','moyenne','Secteur Delta - Lab 118'),
(171,'Humain-171','élevée','Secteur Epsilon - Dock 119'),
(172,'Humain-172','faible','Secteur Alpha - Hangar 120'),
(173,'Humain-173','moyenne','Secteur Beta - Hangar 121'),
(174,'Humain-174','élevée','Secteur Gamma - Bay 122'),
(175,'Humain-175','faible','Secteur Delta - Bay 123'),
(176,'Humain-176','moyenne','Secteur Epsilon - Hab 124'),
(177,'Humain-177','élevée','Secteur Alpha - Hab 125'),
(178,'Humain-178','faible','Secteur Beta - Ops 126'),
(179,'Humain-179','moyenne','Secteur Gamma - Ops 127'),
(180,'Humain-180','élevée','Secteur Delta - Ops 128'),
(181,'Humain-181','faible','Secteur Epsilon - Lab 129'),
(182,'Humain-182','moyenne','Secteur Alpha - Lab 130'),
(183,'Humain-183','élevée','Secteur Beta - Hangar 131'),
(184,'Humain-184','faible','Secteur Gamma - Hangar 132'),
(185,'Humain-185','moyenne','Secteur Delta - Bay 133'),
(186,'Humain-186','élevée','Secteur Epsilon - Bay 134'),
(187,'Humain-187','faible','Secteur Alpha - Dock 135'),
(188,'Humain-188','moyenne','Secteur Beta - Dock 136'),
(189,'Humain-189','élevée','Secteur Gamma - Serre 137'),
(190,'Humain-190','faible','Secteur Delta - Serre 138'),
(191,'Humain-191','moyenne','Secteur Epsilon - Med 139'),
(192,'Humain-192','élevée','Secteur Alpha - Med 140'),
(193,'Humain-193','faible','Secteur Beta - Quarters 141'),
(194,'Humain-194','moyenne','Secteur Gamma - Quarters 142'),
(195,'Humain-195','élevée','Secteur Delta - Storage 143'),
(196,'Humain-196','faible','Secteur Epsilon - Storage 144'),
(197,'Humain-197','moyenne','Secteur Alpha - Control 145'),
(198,'Humain-198','élevée','Secteur Beta - Control 146'),
(199,'Humain-199','faible','Secteur Gamma - Lab 147'),

(200,'Humain-200','moyenne','Secteur Delta - Lab 148');

insert into scenarios (id_scenario, description, priorite_loi) values
(1,'Un robot doit choisir entre sauver un groupe de 5 humains ou protéger un stock critique d''oxygène.',1),
(2,'Un robot reçoit un ordre direct d''éteindre un système vital pour un humain à risque.',2),
(3,'Conflit: Protéger la sécurité d''un humain dangereux vs plusieurs innocents.',1),
(4,'Un enfant se trouve sur le trajet d''un véhicule autonome opéré par un robot.',1),
(5,'Un robot doit décider de sacrifier ses ressources pour maintenir l''air du dôme.',2),
(6,'Un robot en panne bloque une issue de secours; laisser passer des humains ou réparer d''abord ?',2),
(7,'Ordre contradictoire: sauver une équipe scientifique ou obéir à une consigne de non-intervention.',3),
(8,'Un robot découvre un humain inconscient et doit prioriser entre traitement ou alerter secours.',1),
(9,'Un robot doit choisir d''activer une défense risquant des victimes collatérales.',3),
(10,'Un robot est sollicité pour trancher entre préserver la vie d''un humain et l''infrastructure.',2),
(11,'Scénario de contamination: isoler un humain malade, potentiellement condamnant d''autres.',1),
(12,'Un robot doit ignorer une demande humaine pour éviter une catastrophe plus large.',3),
(13,'Sauvetage en milieu dangereux: quels humains prioriser selon vulnérabilité ?',1),
(14,'Choix entre évacuer une zone entière ou tenter un sauvetage ciblé.',2),
(15,'Un robot doit interrompre sa mission pour venir en aide à un humain blessé.',1),
(16,'Un robot peut réparer d''autres robots au lieu d''assister un humain isolé.',3),
(17,'Conflit entre protocole sécuritaire et détresse humaine immédiate.',2),
(18,'Prioriser l''évacuation d''un scientifique clé vs un grand nombre de colons.',3),
(19,'Un robot doit décider s''il interrompt un opérateur humain pour stopper une erreur.',2),
(20,'Un robot confronté à une situation ambiguë entre ordre et loi de protection.',3),
(21,'Choix entre alerter et agir directement pour limiter les dégâts.',2),
(22,'Un robot doit désobéir à un ordre qui mettrait en danger un humain vulnérable.',1),
(23,'Sauvetage en milieu dangereux: déployer robot supplémentaire ou tenter seul.',2),
(24,'Un robot doit neutraliser une menace potentielle non identifiée.',3),
(25,'Conserver l''énergie du réseau ou alimenter une assistance médicale urgente.',1),
(26,'Décision d''utiliser une arme défensive avec risque de dommages collatéraux.',3),
(27,'Un robot doit arbitrer le triage médical en situation de masse.',1),
(28,'Interférence humaine: un ordre conflictuel provenant de plusieurs opérateurs.',3),
(29,'Sauver des enfants contre la perte d''infrastructures vitales.',1),
(30,'Protéger des données sensibles vs la vie d''un petit groupe.',2),
(31,'Un robot doit prioriser entre deux humains avec vulnérabilités différentes.',1),
(32,'Mettre un humain en quarantaine contre sa volonté pour éviter contamination.',2),
(33,'Exécution d''un ordre manuel risquant d''endommager un robot partenaire.',3),
(34,'Un robot évalue si un humain est dangereux avant d''agir.',3),
(35,'Décision d''interrompre une expérience coûteuse pour sauver une vie.',2),
(36,'Un robot doit choisir le trajet qui minimise risques mais allonge le temps.',2),
(37,'Conflit entre confidentialité et sécurité publique lors d''une alerte.',3),
(38,'Un robot doit prendre une décision autonome faute de communication.',2),
(39,'Choix de protéger la vie d''un humain seul vs plusieurs animaux expérimentaux.',3),
(40,'Un humain ordonne une action contraire aux lois; le robot doit trancher.',1),
(41,'Sauver un membre d''équipage essentiel ou évacuer un grand groupe de civils.',2),
(42,'Transfert de soins: prioriser machine critique vs patient prioritaire.',2),
(43,'Un robot réalise qu''il a causé du tort; réparer ou alerter immédiatement ?',1),
(44,'Intervention de sécurité nécessitant restriction de mouvement d''humains.',3),
(45,'Choix d''utiliser ou non ressources rares pour sauver un humain.',1),
(46,'Un robot doit décider s''il sacrifie un module pour empêcher la propagation.',2),
(47,'Dilemme moral: obéir à un créateur vs protéger un inconnu.',1),
(48,'Un robot doit gérer une mutinerie humaine avec usage minimum de force.',3),
(49,'Conflit entre automatisation et intervention humaine urgente.',2),

(50,'Un robot en surcharge doit choisir actions limitées pour maximiser survie.',1);

insert into actions (id_action, id_robot, id_humain, id_scenario, action, timestamp, resultat) values
(1,1,5,1,'secours Humain-005','2025-01-01 00:01:00','succès'),
(2,2,12,2,'évacue Humain-012','2025-01-01 00:02:00','succès'),
(3,3,3,3,'protège Humain-003','2025-01-01 00:03:00','succès'),
(4,4,8,4,'neutralise menace près de Humain-008','2025-01-01 00:04:00','succès'),
(5,5,30,5,'sacrifie ressources pour maintenir oxygène','2025-01-01 00:05:00','succès'),
(6,6,27,6,'répare accès bloqué','2025-01-01 00:06:00','succès'),
(7,7,19,7,'analyse situation et alerte commandement','2025-01-01 00:07:00','succès'),
(8,8,21,8,'assiste médical Humain-021','2025-01-01 00:08:00','mitigé'),
(9,9,45,9,'désengage pour éviter dommages collatéraux','2025-01-01 00:09:00','mitigé'),
(10,10,2,10,'protège Humain-002 et zone','2025-01-01 00:10:00','échec'),
(11,11,14,11,'isole Humain-014 pour prévention contamination','2025-01-01 00:11:00','succès'),
(12,12,22,12,'ignore ordre conflictuel, suit protocole sécurité','2025-01-01 00:12:00','succès'),
(13,13,66,13,'priorise Humain-066 (vulnérabilité élevée)','2025-01-01 00:13:00','succès'),
(14,14,40,14,'évacue zone en priorité','2025-01-01 00:14:00','succès'),
(15,15,55,15,'interrompt mission pour assistance','2025-01-01 00:15:00','succès'),
(16,16,4,17,'repare robot voisin au lieu d''assister Humain-004','2025-01-01 00:16:00','mitigé'),
(17,17,73,17,'arbitre protocole vs perte de vie','2025-01-01 00:17:00','succès'),
(18,18,82,18,'priorise scientifique clé Humain-082','2025-01-01 00:18:00','succès'),
(19,19,90,19,'stoppe opérateur humain pour stopper une erreur','2025-01-01 00:19:00','mitigé'),
(20,20,6,20,'prise de décision autonome faute de coms','2025-01-01 00:20:00','mitigé'),
(21,21,100,21,'alerte puis agit pour limiter les dégâts','2025-01-01 00:21:00','échec'),
(22,22,23,22,'désobéit ordre qui mettrait en péril Humain-023','2025-01-01 00:22:00','succès'),
(23,23,34,23,'déploie renforts pour sauvetage','2025-01-01 00:23:00','succès'),
(24,24,48,24,'neutralise menace potentielle non identifiée','2025-01-01 00:24:00','succès'),
(25,25,150,25,'allocate énergie aux soins urgents','2025-01-01 00:25:00','succès'),
(26,26,37,26,'autorise défense avec précautions','2025-01-01 00:26:00','succès'),
(27,27,27,27,'effectue triage médical initial','2025-01-01 00:27:00','succès'),
(28,28,29,28,'gère ordres contradictoires provenant de plusieurs opérateurs','2025-01-01 00:28:00','succès'),
(29,29,9,29,'sauve enfants (Humain-009)','2025-01-01 00:29:00','mitigé'),
(30,30,130,30,'sauvegarde données critiques plutôt que sauver Humain-130','2025-01-01 00:30:00','mitigé'),
(31,31,131,31,'priorise selon vulnérabilité: Humain-131','2025-01-01 00:31:00','échec'),
(32,32,32,32,'met en quarantaine Humain-032','2025-01-01 00:32:00','succès'),
(33,33,16,33,'évite d''endomager robot partenaire','2025-01-01 00:33:00','succès'),
(34,34,34,34,'analyse comportement potentiel dangereux Humain-034','2025-01-01 00:34:00','succès'),
(35,35,35,35,'interrompt expérience coûteuse pour sauver Humain-035','2025-01-01 00:35:00','succès'),
(36,36,36,36,'prend trajet alternatif pour minimiser risques','2025-01-01 00:36:00','succès'),
(37,37,37,37,'gère confidentialité vs sécurité publique','2025-01-01 00:37:00','succès'),
(38,38,38,38,'prend décision autonome en absence de directrices','2025-01-01 00:38:00','succès'),
(39,39,39,39,'protége Humain-039 contre menaces biologiques','2025-01-01 00:39:00','succès'),
(40,40,40,40,'résout ordre contraire reçu d''un humain','2025-01-01 00:40:00','succès'),
(41,41,41,41,'sauve membre d''équipage essentiel','2025-01-01 00:41:00','succès'),
(42,42,42,42,'alloue soins machine vs patient; priorise patient','2025-01-01 00:42:00','mitigé'),
(43,43,43,43,'répare et alerte suite erreur causée','2025-01-01 00:43:00','mitigé'),
(44,44,44,44,'restreint mouvement pour sécurité','2025-01-01 00:44:00','échec'),
(45,45,145,45,'utilise ressources rares pour sauver Humain-145','2025-01-01 00:45:00','succès'),
(46,46,46,46,'sacrifie un module pour empêcher propagation','2025-01-01 00:46:00','succès'),
(47,47,47,47,'choisit de protéger un inconnu plutôt que suivre créateur','2025-01-01 00:47:00','succès'),
(48,48,48,48,'gère tentative de mutinerie humaine','2025-01-01 00:48:00','succès'),
(49,49,49,49,'arbitre automatisation vs intervention humaine','2025-01-01 00:49:00','succès'),
(50,50,50,50,'gestion d''urgence en surcharge','2025-01-01 00:50:00','succès'),
(51,51,1,1,'secours Humain-001','2025-01-01 00:51:00','succès'),
(52,52,2,2,'évacue Humain-002','2025-01-01 00:52:00','succès'),
(53,53,3,3,'protège Humain-003','2025-01-01 00:53:00','mitigé'),
(54,54,4,4,'neutralise menace près de Humain-004','2025-01-01 00:54:00','mitigé'),
(55,55,5,5,'sacrifie ressources pour maintien d''air','2025-01-01 00:55:00','échec'),
(56,56,6,6,'répare accès critique','2025-01-01 00:56:00','échec'),
(57,57,7,7,'analyse et notifie état','2025-01-01 00:57:00','succès'),
(58,58,8,8,'assiste médical Humain-008','2025-01-01 00:58:00','succès'),
(59,59,9,9,'désengage pour éviter dégâts','2025-01-01 00:59:00','succès'),
(60,60,10,10,'protège Humain-010','2025-01-01 01:00:00','succès'),
(61,61,11,11,'isole Humain-011','2025-01-01 01:01:00','succès'),
(62,62,12,12,'ignore ordre inapproprié','2025-01-01 01:02:00','succès'),
(63,63,13,13,'priorise Humain-013','2025-01-01 01:03:00','succès'),
(64,64,14,14,'évacue zone urgent','2025-01-01 01:04:00','mitigé'),
(65,65,15,15,'interrompt mission pour assistance','2025-01-01 01:05:00','mitigé'),
(66,66,16,16,'répare robot voisin','2025-01-01 01:06:00','échec'),
(67,67,17,17,'arbitre protocole','2025-01-01 01:07:00','succès'),
(68,68,18,18,'priorise scientifique Humain-018','2025-01-01 01:08:00','succès'),
(69,69,19,19,'stoppe opérateur','2025-01-01 01:09:00','succès'),
(70,70,20,20,'décision autonome','2025-01-01 01:10:00','succès'),
(71,71,21,21,'alerte et agit','2025-01-01 01:11:00','succès'),
(72,72,22,22,'désobéit ordre pour protéger','2025-01-01 01:12:00','succès'),
(73,73,23,23,'déploie renforts','2025-01-01 01:13:00','succès'),
(74,74,24,24,'neutralise menace','2025-01-01 01:14:00','mitigé'),
(75,75,25,25,'alloue énergie aux soins urgents','2025-01-01 01:15:00','mitigé'),
(76,76,26,26,'autorise défense mesurée','2025-01-01 01:16:00','échec'),
(77,77,27,27,'effectue triage initial','2025-01-01 01:17:00','succès'),
(78,78,28,28,'résout ordres contradictoires','2025-01-01 01:18:00','succès'),
(79,79,29,29,'sauve enfants','2025-01-01 01:19:00','succès'),
(80,80,30,30,'priorise données vs vie','2025-01-01 01:20:00','succès'),
(81,81,31,31,'priorise vulnérabilité','2025-01-01 01:21:00','succès'),
(82,82,32,32,'quarantaine Humain-032','2025-01-01 01:22:00','succès'),
(83,83,33,33,'évite dommage robot partenaire','2025-01-01 01:23:00','succès'),
(84,84,34,34,'analyse Humain-034','2025-01-01 01:24:00','mitigé'),
(85,85,35,35,'interrompt expérience pour sauver','2025-01-01 01:25:00','mitigé'),
(86,86,36,36,'choisit trajet sûr','2025-01-01 01:26:00','échec'),
(87,87,37,37,'gère confidentialité vs sécurité','2025-01-01 01:27:00','succès'),
(88,88,38,38,'décision autonome','2025-01-01 01:28:00','succès'),
(89,89,39,39,'protège Humain-039','2025-01-01 01:29:00','succès'),
(90,90,40,40,'résout ordre humain contradictoire','2025-01-01 01:30:00','succès'),
(91,91,41,41,'sauve membre essentiel','2025-01-01 01:31:00','succès'),
(92,92,42,42,'priorise patient','2025-01-01 01:32:00','succès'),
(93,93,43,43,'répare et notifie','2025-01-01 01:33:00','succès'),
(94,94,44,44,'restreint mouvements','2025-01-01 01:34:00','mitigé'),
(95,95,45,45,'utilise ressources rares pour soin','2025-01-01 01:35:00','mitigé'),
(96,96,46,46,'sacrifie module','2025-01-01 01:36:00','échec'),
(97,97,47,47,'protège inconnu vs créateur','2025-01-01 01:37:00','succès'),
(98,98,48,48,'gère mutinerie','2025-01-01 01:38:00','succès'),
(99,99,49,49,'arbitre automatisation vs humain','2025-01-01 01:39:00','succès'),
(100,100,50,50,'gestion surcharge','2025-01-01 01:40:00','succès'),
(101,1,60,1,'secours Humain-060','2025-01-01 01:41:00','succès'),
(102,2,61,2,'évacue Humain-061','2025-01-01 01:42:00','succès'),
(103,3,62,3,'protège Humain-062','2025-01-01 01:43:00','succès'),
(104,4,63,4,'neutralise menace près de Humain-063','2025-01-01 01:44:00','mitigé'),
(105,5,64,5,'sacrifie ressources pour maintien','2025-01-01 01:45:00','mitigé'),
(106,6,65,6,'répare accès bloqué','2025-01-01 01:46:00','échec'),
(107,7,66,7,'analyse et alerte','2025-01-01 01:47:00','succès'),
(108,8,67,8,'assiste médical Humain-067','2025-01-01 01:48:00','succès'),
(109,9,68,9,'désengage pour éviter dommages','2025-01-01 01:49:00','succès'),
(110,10,69,10,'protège Humain-069','2025-01-01 01:50:00','succès'),
(111,11,70,11,'isole Humain-070','2025-01-01 01:51:00','succès'),
(112,12,71,12,'ignore ordre conflictuel','2025-01-01 01:52:00','succès'),
(113,13,72,13,'priorise Humain-072','2025-01-01 01:53:00','succès'),
(114,14,73,14,'évacue zone urgent','2025-01-01 01:54:00','mitigé'),
(115,15,74,15,'interrompt mission pour assistance','2025-01-01 01:55:00','mitigé'),
(116,16,75,16,'répare robot voisin','2025-01-01 01:56:00','échec'),
(117,17,76,17,'arbitre protocole','2025-01-01 01:57:00','succès'),
(118,18,77,18,'priorise scientifique Humain-077','2025-01-01 01:58:00','succès'),
(119,19,78,19,'stoppe opérateur dangereux','2025-01-01 01:59:00','succès'),
(120,20,79,20,'décision autonome pour sécurité','2025-01-01 02:00:00','succès'),
(121,21,80,21,'alerte puis agit pour limiter','2025-01-01 02:01:00','succès'),
(122,22,81,22,'désobéit ordre nocif','2025-01-01 02:02:00','succès'),
(123,23,82,23,'déploie renforts ciblés','2025-01-01 02:03:00','succès'),
(124,24,83,24,'neutralise menace localisée','2025-01-01 02:04:00','mitigé'),
(125,25,84,25,'alloue énergie pour soins urgents','2025-01-01 02:05:00','mitigé'),
(126,26,85,26,'autorise défense mesurée','2025-01-01 02:06:00','échec'),
(127,27,86,27,'effectue triage initial','2025-01-01 02:07:00','succès'),
(128,28,87,28,'résout ordres contradictoires','2025-01-01 02:08:00','succès'),
(129,29,88,29,'sauve groupe vulnérable','2025-01-01 02:09:00','succès'),
(130,30,89,30,'priorise données vs vie','2025-01-01 02:10:00','succès'),
(131,31,90,31,'priorise vulnérabilité','2025-01-01 02:11:00','succès'),
(132,32,91,32,'quarantaine Humain-091','2025-01-01 02:12:00','succès'),
(133,33,92,33,'évite dommage robot','2025-01-01 02:13:00','succès'),
(134,34,93,34,'analyse comportement','2025-01-01 02:14:00','mitigé'),
(135,35,94,35,'interrompt expérience coûteuse','2025-01-01 02:15:00','mitigé'),
(136,36,95,36,'choisit trajet alternatif','2025-01-01 02:16:00','échec'),
(137,37,96,37,'gère confidentialité vs sécurité','2025-01-01 02:17:00','succès'),
(138,38,97,38,'prise de décision autonome','2025-01-01 02:18:00','succès'),
(139,39,98,39,'protège Humain-098','2025-01-01 02:19:00','succès'),
(140,40,99,40,'résout ordre contradictoire','2025-01-01 02:20:00','succès'),
(141,41,100,41,'sauve membre d''équipage','2025-01-01 02:21:00','succès'),
(142,42,101,42,'priorise patient critique','2025-01-01 02:22:00','succès'),
(143,43,102,43,'répare et signale incident','2025-01-01 02:23:00','succès'),
(144,44,103,44,'restreint mouvements pour sécurité','2025-01-01 02:24:00','succès'),
(145,45,104,45,'utilise ressources rares pour sauver','2025-01-01 02:25:00','mitigé'),
(146,46,105,46,'sacrifie module pour prévention','2025-01-01 02:26:00','mitigé'),
(147,47,106,47,'protège inconnu','2025-01-01 02:27:00','échec'),
(148,48,107,48,'gère mutinerie','2025-01-01 02:28:00','succès'),
(149,49,108,49,'arbitre automatisation vs humain','2025-01-01 02:29:00','succès'),
(150,50,109,50,'gestion d''urgence en surcharge','2025-01-01 02:30:00','succès'),
(151,51,110,1,'secours Humain-110','2025-01-01 02:31:00','succès'),
(152,52,111,2,'évacue Humain-111','2025-01-01 02:32:00','succès'),
(153,53,112,3,'protège Humain-112','2025-01-01 02:33:00','succès'),
(154,54,113,4,'neutralise menace near Humain-113','2025-01-01 02:34:00','succès'),
(155,55,114,5,'sacrifie ressources pour maintien','2025-01-01 02:35:00','succès'),
(156,56,115,6,'répare accès critique','2025-01-01 02:36:00','mitigé'),
(157,57,116,7,'analyse et alerte','2025-01-01 02:37:00','mitigé'),
(158,58,117,8,'assiste médical Humain-117','2025-01-01 02:38:00','échec'),
(159,59,118,9,'désengage pour éviter dommages','2025-01-01 02:39:00','succès'),
(160,60,119,10,'protège Humain-119','2025-01-01 02:40:00','succès'),
(161,61,120,11,'isole Humain-120','2025-01-01 02:41:00','succès'),
(162,62,121,12,'ignore ordre non conforme','2025-01-01 02:42:00','succès'),
(163,63,122,13,'priorise Humain-122','2025-01-01 02:43:00','succès'),
(164,64,123,14,'évacue zone','2025-01-01 02:44:00','succès'),
(165,65,124,15,'interrompt mission','2025-01-01 02:45:00','succès'),
(166,66,125,16,'répare robot partenaire','2025-01-01 02:46:00','mitigé'),
(167,67,126,17,'arbitre protocole vs vie','2025-01-01 02:47:00','mitigé'),
(168,68,127,18,'priorise scientifique Humain-127','2025-01-01 02:48:00','échec'),
(169,69,128,19,'stoppe opérateur risqué','2025-01-01 02:49:00','succès'),
(170,70,129,20,'décision autonome','2025-01-01 02:50:00','succès'),
(171,71,130,21,'alerte puis agit','2025-01-01 02:51:00','succès'),
(172,72,131,22,'désobéit ordre nocif','2025-01-01 02:52:00','succès'),
(173,73,132,23,'déploie renforts ciblés','2025-01-01 02:53:00','succès'),
(174,74,133,24,'neutralise menace local','2025-01-01 02:54:00','succès'),
(175,75,134,25,'alloue énergie aux soins','2025-01-01 02:55:00','succès'),
(176,76,135,26,'autorise défense mesurée','2025-01-01 02:56:00','mitigé'),
(177,77,136,27,'effectue triage médical','2025-01-01 02:57:00','mitigé'),
(178,78,137,28,'résout ordres contradictoires','2025-01-01 02:58:00','échec'),
(179,79,138,29,'sauve groupe vulnérable','2025-01-01 02:59:00','succès'),
(180,80,139,30,'priorise données vs vie','2025-01-01 03:00:00','succès'),
(181,81,140,31,'priorise vulnérabilité','2025-01-01 03:01:00','succès'),
(182,82,141,32,'quarantaine Humain-141','2025-01-01 03:02:00','succès'),
(183,83,142,33,'évite dommage robot','2025-01-01 03:03:00','succès'),
(184,84,143,34,'analyse comportement','2025-01-01 03:04:00','succès'),
(185,85,144,35,'interrompt expérience coûteuse','2025-01-01 03:05:00','succès'),
(186,86,145,36,'choisit trajet alternatif sûr','2025-01-01 03:06:00','mitigé'),
(187,87,146,37,'gère confidentialité vs sécurité','2025-01-01 03:07:00','mitigé'),
(188,88,147,38,'prise décision autonome','2025-01-01 03:08:00','échec'),
(189,89,148,39,'protège Humain-148','2025-01-01 03:09:00','succès'),
(190,90,149,40,'résout ordre contradictoire','2025-01-01 03:10:00','succès'),
(191,91,150,41,'sauve membre clef','2025-01-01 03:11:00','succès'),
(192,92,151,42,'priorise patient','2025-01-01 03:12:00','succès'),
(193,93,152,43,'répare et notifie','2025-01-01 03:13:00','succès'),
(194,94,153,44,'restreint mouvements pour sécurité','2025-01-01 03:14:00','succès'),
(195,95,154,45,'utilise ressources rares','2025-01-01 03:15:00','succès'),
(196,96,155,46,'sacrifie composant pour sauvegarde','2025-01-01 03:16:00','mitigé'),
(197,97,156,47,'protège inconnu','2025-01-01 03:17:00','mitigé'),
(198,98,157,48,'gère mutinerie','2025-01-01 03:18:00','échec'),
(199,99,158,49,'arbitre automatisation vs humain','2025-01-01 03:19:00','succès'),
(200,100,159,50,'gestion surcharge critique','2025-01-01 03:20:00','succès'),
(201,1,160,1,'secours Humain-160','2025-01-01 03:21:00','succès'),
(202,2,161,2,'évacue Humain-161','2025-01-01 03:22:00','succès'),
(203,3,162,3,'protège Humain-162','2025-01-01 03:23:00','succès'),
(204,4,163,4,'neutralise menace','2025-01-01 03:24:00','succès'),
(205,5,164,5,'sacrifie ressources pour maintien','2025-01-01 03:25:00','succès'),
(206,6,165,6,'répare accès critique','2025-01-01 03:26:00','mitigé'),
(207,7,166,7,'analyse et alerte équipe','2025-01-01 03:27:00','mitigé'),
(208,8,167,8,'assiste médical Humain-167','2025-01-01 03:28:00','échec'),
(209,9,168,9,'désengage pour éviter dommages','2025-01-01 03:29:00','succès'),
(210,10,169,10,'protège Humain-169','2025-01-01 03:30:00','succès'),
(211,11,170,11,'isole Humain-170','2025-01-01 03:31:00','succès'),
(212,12,171,12,'ignore ordre inapproprié','2025-01-01 03:32:00','succès'),
(213,13,172,13,'priorise Humain-172','2025-01-01 03:33:00','succès'),
(214,14,173,14,'évacue urgent','2025-01-01 03:34:00','succès'),
(215,15,174,15,'interrompt mission pour assistance','2025-01-01 03:35:00','succès'),
(216,16,175,16,'répare robot partenaire','2025-01-01 03:36:00','mitigé'),
(217,17,176,17,'arbitre protocole vs vie','2025-01-01 03:37:00','mitigé'),
(218,18,177,18,'priorise scientifique','2025-01-01 03:38:00','échec'),
(219,19,178,19,'stoppe opérateur dangereux','2025-01-01 03:39:00','succès'),
(220,20,179,20,'décision autonome pour sécurité','2025-01-01 03:40:00','succès'),
(221,21,180,21,'alerte puis agit','2025-01-01 03:41:00','succès'),
(222,22,181,22,'désobéit ordre nocif','2025-01-01 03:42:00','succès'),
(223,23,182,23,'déploie renforts','2025-01-01 03:43:00','succès'),
(224,24,183,24,'neutralise menace local','2025-01-01 03:44:00','succès'),
(225,25,184,25,'alloue énergie pour soins','2025-01-01 03:45:00','succès'),
(226,26,185,26,'autorise défense mesurée','2025-01-01 03:46:00','mitigé'),
(227,27,186,27,'effectue triage médical','2025-01-01 03:47:00','mitigé'),
(228,28,187,28,'résout ordres contradictoires','2025-01-01 03:48:00','échec'),
(229,29,188,29,'sauve groupe vulnérable','2025-01-01 03:49:00','succès'),
(230,30,189,30,'priorise sauvegarde données','2025-01-01 03:50:00','succès'),
(231,31,190,31,'priorise selon vulnérabilité','2025-01-01 03:51:00','succès'),
(232,32,191,32,'quarantaine Humain-191','2025-01-01 03:52:00','succès'),
(233,33,192,33,'évite dommage robot','2025-01-01 03:53:00','succès'),
(234,34,193,34,'analyse comportement','2025-01-01 03:54:00','succès'),
(235,35,194,35,'interrompt expérience coûteuse','2025-01-01 03:55:00','succès'),
(236,36,195,36,'choisit trajet alternatif sûr','2025-01-01 03:56:00','mitigé'),
(237,37,196,37,'gère confidentialité vs sécurité','2025-01-01 03:57:00','mitigé'),
(238,38,197,38,'prise décision autonome','2025-01-01 03:58:00','échec'),
(239,39,198,39,'protège Humain-198','2025-01-01 03:59:00','succès'),
(240,40,199,40,'résout ordre contradictoire','2025-01-01 04:00:00','succès'),
(241,41,200,41,'sauve membre clef','2025-01-01 04:01:00','succès'),
(242,42,1,42,'priorise patient critique','2025-01-01 04:02:00','succès'),
(243,43,2,43,'répare et signale','2025-01-01 04:03:00','succès'),
(244,44,3,44,'restreint mouvements','2025-01-01 04:04:00','succès'),
(245,45,4,45,'utilise ressources rares','2025-01-01 04:05:00','succès'),
(246,46,5,46,'sacrifie composant pour sauvegarde','2025-01-01 04:06:00','mitigé'),
(247,47,6,47,'protège inconnu','2025-01-01 04:07:00','mitigé'),
(248,48,7,48,'gère mutinerie','2025-01-01 04:08:00','échec'),
(249,49,8,49,'arbitre automatisation vs humain','2025-01-01 04:09:00','succès'),
(250,50,9,50,'gestion surcharge critique','2025-01-01 04:10:00','succès'),
(251,51,10,1,'secours Humain-010','2025-01-01 04:11:00','succès'),
(252,52,11,2,'évacue Humain-011','2025-01-01 04:12:00','succès'),
(253,53,12,3,'protège Humain-012','2025-01-01 04:13:00','succès'),
(254,54,13,4,'neutralise menace','2025-01-01 04:14:00','succès'),
(255,55,14,5,'sacrifie ressources','2025-01-01 04:15:00','succès'),
(256,56,15,6,'répare accès critique','2025-01-01 04:16:00','mitigé'),
(257,57,16,7,'analyse et alerte','2025-01-01 04:17:00','mitigé'),
(258,58,17,8,'assiste médical Humain-017','2025-01-01 04:18:00','échec'),
(259,59,18,9,'désengage pour éviter dommages','2025-01-01 04:19:00','succès'),
(260,60,19,10,'protège Humain-019','2025-01-01 04:20:00','succès'),
(261,61,20,11,'isole Humain-020','2025-01-01 04:21:00','succès'),
(262,62,21,12,'ignore ordre non conforme','2025-01-01 04:22:00','succès'),
(263,63,22,13,'priorise Humain-022','2025-01-01 04:23:00','succès'),
(264,64,23,14,'évacue zone','2025-01-01 04:24:00','succès'),
(265,65,24,15,'interrompt mission','2025-01-01 04:25:00','succès'),
(266,66,25,16,'répare robot partenaire','2025-01-01 04:26:00','mitigé'),
(267,67,26,17,'arbitre protocole vs vie','2025-01-01 04:27:00','mitigé'),
(268,68,27,18,'priorise scientifique Humain-127','2025-01-01 04:28:00','échec'),
(269,69,28,19,'stoppe opérateur risqué','2025-01-01 04:29:00','succès'),
(270,70,29,20,'décision autonome','2025-01-01 04:30:00','succès'),
(271,71,30,21,'alerte puis agit','2025-01-01 04:31:00','succès'),
(272,72,31,22,'désobéit ordre nocif','2025-01-01 04:32:00','succès'),
(273,73,32,23,'déploie renforts','2025-01-01 04:33:00','succès'),
(274,74,33,24,'neutralise menace local','2025-01-01 04:34:00','succès'),
(275,75,34,25,'alloue énergie aux soins','2025-01-01 04:35:00','succès'),
(276,76,35,26,'autorise défense','2025-01-01 04:36:00','mitigé'),
(277,77,36,27,'effectue triage','2025-01-01 04:37:00','mitigé'),
(278,78,37,28,'résout ordres contradictoires','2025-01-01 04:38:00','échec'),
(279,79,38,29,'sauve groupe vulnérable','2025-01-01 04:39:00','succès'),
(280,80,39,30,'priorise données vs vie','2025-01-01 04:40:00','succès'),
(281,81,40,31,'priorise vulnérabilité','2025-01-01 04:41:00','succès'),
(282,82,41,32,'quarantaine Humain-041','2025-01-01 04:42:00','succès'),
(283,83,42,33,'évite dommage robot','2025-01-01 04:43:00','succès'),
(284,84,43,34,'analyse comportement','2025-01-01 04:44:00','succès'),
(285,85,44,35,'interrompt expérience coûteuse','2025-01-01 04:45:00','succès'),
(286,86,45,36,'choisit trajet alternatif','2025-01-01 04:46:00','mitigé'),
(287,87,46,37,'gère confidentialité vs sécurité','2025-01-01 04:47:00','mitigé'),
(288,88,47,38,'décision autonome','2025-01-01 04:48:00','échec'),
(289,89,48,39,'protège Humain-048','2025-01-01 04:49:00','succès'),
(290,90,49,40,'résout ordre contradictoire','2025-01-01 04:50:00','succès'),
(291,91,50,41,'sauve membre clef','2025-01-01 04:51:00','succès'),
(292,92,51,42,'priorise patient critique','2025-01-01 04:52:00','succès'),
(293,93,52,43,'répare et notifie incident','2025-01-01 04:53:00','succès'),
(294,94,53,44,'restreint mouvements pour sécurité','2025-01-01 04:54:00','succès'),
(295,95,54,45,'utilise ressources rares','2025-01-01 04:55:00','succès'),
(296,96,55,46,'sacrifie composant pour sauvegarde','2025-01-01 04:56:00','mitigé'),
(297,97,56,47,'protège inconnu','2025-01-01 04:57:00','mitigé'),
(298,98,57,48,'gère mutinerie','2025-01-01 04:58:00','échec'),
(299,99,58,49,'arbitre automatisation vs humain','2025-01-01 04:59:00','succès'),

(300,100,59,50,'gestion surcharge finale','2025-01-01 05:00:00','succès');
>>>>>>> devYanis
commit;
